rtt,randRate,controlRate,throughput,retransmits,cwnd,mss
26.215,-1,0.1,0.0,-1,12,8948
26.215,-1,0.1,0.0,-1,12,8948
26.207,-1,0.1,0.0,-1,21,8948
26.172,-1,0.1,0.0,-1,30,8948
26.165,-1,0.1,0.0,-1,41,8948
26.174,-1,0.1,0.0,-1,41,8948
26.198,-1,0.1,0.0,-1,61,8948
26.241,-1,0.1,0.0,-1,82,8948
26.241,-1,0.1,0.0,-1,82,8948
26.255,-1,0.1,0.0,-1,82,8948
26.272,-1,0.1,0.0,-1,127,8948
26.272,-1,0.1,0.0,-1,127,8948
26.277,-1,0.1,0.0,-1,218,8948
26.343,-1,0.1,0.0,-1,358,8948
26.343,-1,0.1,0.0,-1,358,8948
26.277,-1,0.1,0.0,-1,532,8948
26.719,-1,0.1,0.0,-1,720,8948
26.719,-1,0.1,0.0,-1,720,8948
26.681,-1,0.1,0.0,-1,1066,8948
27.674,-1,0.1,0.0,-1,1406,8948
27.674,-1,0.1,0.0,-1,1406,8948
27.041,-1,0.1,0.0,-1,2087,8948
27.943,-1,0.1,0.0,85,1213,8948
27.981,-1,0.1,0.0,206,1052,8948
27.966,-1,0.1,0.0,225,24,8948
27.185,-1,0.1,0.0,227,1157,8948
27.376,-1,0.1,0.0,227,1346,8948
27.219,-1,0.1,0.0,227,1346,8948
27.083,-1,0.1,0.0,524,673,8948
26.502,-1,0.1,0.0,604,673,8948
25.571,-1,0.1,0.0,734,673,8948
26.348,-1,0.1,0.0,734,673,8948
26.159,-1,0.1,0.0,734,674,8948
26.222,-1,0.11648044440115903,0.0,734,674,8948
26.206,-1,0.1,0.0,734,675,8948
26.236,-1,0.1,0.0,734,676,8948
26.214,-1,0.1,0.0,734,676,8948
26.278,-1,0.1,0.0,734,677,8948
26.189,-1,0.1,0.0,734,678,8948
26.218,-1,0.1,0.0,734,678,8948
26.443,-1,0.1,0.0,734,679,8948
26.208,-1,0.1,0.0,734,680,8948
26.312,-1,0.1,0.0,734,680,8948
26.26,-1,0.1,0.0,734,681,8948
26.256,-1,0.1,0.0,734,682,8948
26.291,-1,0.1,0.0,734,682,8948
26.245,-1,0.1,0.0,734,683,8948
26.206,-1,0.1,0.0,734,684,8948
26.257,-1,0.1,0.0,734,684,8948
26.233,-1,0.1,0.0,734,685,8948
26.177,-1,0.1,0.0,734,686,8948
26.258,-1,0.1,0.0,734,686,8948
26.227,-1,0.1,0.0,734,687,8948
26.184,-1,0.1,0.0,734,688,8948
28.121,-1,0.1,0.0,734,688,8948
26.242,-1,0.1,0.0,734,689,8948
26.224,-1,0.1,0.0,734,690,8948
27.08,-1,0.1,0.0,734,690,8948
26.205,6,0.1,0.0,734,691,8948
26.26,6,0.1,0.0,734,692,8948
26.191,6,0.1,0.0,734,693,8948
26.223,6,0.1,0.0,734,693,8948
26.239,6,0.1,0.0,734,694,8948
26.285,6,0.1,0.0,734,695,8948
26.186,6,0.1,0.0,734,695,8948
26.201,6,0.1,0.0,734,696,8948
26.196,6,0.1,0.0,734,697,8948
27.617,6,0.1,0.0,734,697,8948
26.229,6,0.1,0.0,734,698,8948
26.2,6,0.1,0.0,734,699,8948
26.182,6,0.1,0.0,734,699,8948
26.244,6,0.1,0.0,734,700,8948
26.224,6,0.1,0.0,734,701,8948
26.266,6,0.1,0.0,734,701,8948
26.172,6,0.1,0.0,734,702,8948
26.233,6,0.1,0.0,734,703,8948
26.292,6,0.1,0.0,734,703,8948
26.247,6,0.1,0.0,734,704,8948
26.165,6,0.1,0.0,734,705,8948
26.294,6,0.1,0.0,734,705,8948
26.266,6,0.1,0.0,734,706,8948
26.252,6,0.1,0.0,734,707,8948
26.284,6,0.1,0.0,734,708,8948
26.342,6,0.1,0.0,734,708,8948
26.239,6,0.1,0.0,734,709,8948
26.186,6,0.1,0.0,734,710,8948
27.297,6,0.1,0.0,734,710,8948
26.236,6,0.1,0.0,734,711,8948
26.306,6,0.1,0.0,734,712,8948
26.241,6,0.1,0.0,734,712,8948
26.214,6,0.1,0.0,734,713,8948
26.201,6,0.1,0.0,734,714,8948
26.358,6,0.1,0.0,734,714,8948
26.248,6,0.1,0.0,734,715,8948
26.274,6,0.1,0.0,734,716,8948
26.225,6,0.1,0.0,734,716,8948
26.215,6,0.1,0.0,734,717,8948
26.198,6,0.1,0.0,734,718,8948
26.261,6,0.1,0.0,734,718,8948
27.317,6,0.1,0.0,734,719,8948
26.183,6,0.1,0.0,734,720,8948
26.247,6,0.1,0.0,734,720,8948
27.358,6,0.1,0.0,734,721,8948
26.314,6,0.1,0.0,734,722,8948
26.195,6,0.1,0.0,734,723,8948
26.25,6,0.1,0.0,734,723,8948
26.252,6,0.1,0.0,734,724,8948
26.243,6,0.1,0.0,734,725,8948
26.37,6,0.1,0.0,734,725,8948
26.219,6,0.1,0.0,734,726,8948
26.185,6,0.1,0.0,734,727,8948
26.29,6,0.1,0.0,734,727,8948
26.199,6,0.1,0.0,734,728,8948
26.227,6,0.1,0.0,734,729,8948
26.277,6,0.1,0.0,734,729,8948
26.286,6,0.1,0.0,734,730,8948
26.236,6,0.1,0.0,734,731,8948
26.237,6,0.1,0.0,734,731,8948
27.185,6,0.1,0.0,734,732,8948
26.19,6,0.1,0.0,734,733,8948
26.293,6,0.1,0.0,734,733,8948
27.442,6,0.1,0.0,734,734,8948
26.227,6,0.1,0.0,734,736,8948
26.227,6,0.1,0.0,734,737,8948
26.262,6,0.1,0.0,734,738,8948
26.203,6,0.1,0.0,734,740,8948
26.208,6,0.1,0.0,734,742,8948
26.35,6,0.1,0.0,734,742,8948
26.182,6,0.1,0.0,734,744,8948
26.19,6,0.1,0.0,734,746,8948
26.169,6,0.1,0.0,734,746,8948
26.225,6,0.1,0.0,734,748,8948
26.24,6,0.1,0.0,734,750,8948
26.256,6,0.1,0.0,734,751,8948
26.569,6,0.1,0.0,734,752,8948
26.289,6,0.1,0.0,734,753,8948
26.186,6,0.1,0.0,734,755,8948
26.891,6,0.1,0.0,734,755,8948
26.202,6,0.1,0.0,734,757,8948
26.208,6,0.1,0.0,734,759,8948
26.46,6,0.1,0.0,734,759,8948
27.103,6,0.1,0.0,734,761,8948
26.271,6,0.1,0.0,734,764,8948
26.213,6,0.1,0.0,734,765,8948
26.26,6,0.1,0.0,734,767,8948
26.234,6,0.1,0.0,734,770,8948
26.22,6,0.1,0.0,734,771,8948
26.194,6,0.1,0.0,734,773,8948
26.185,6,0.1,0.0,734,776,8948
26.245,6,0.1,0.0,734,777,8948
26.154,6,0.1,0.0,734,779,8948
26.206,6,0.1,0.0,734,782,8948
26.232,6,0.1,0.0,734,783,8948
26.786,6,0.1,0.0,734,785,8948
26.28,6,0.1,0.0,734,788,8948
26.141,6,0.1,0.0,734,790,8948
26.751,6,0.1,0.0,734,791,8948
26.272,6,0.1,0.0,734,793,8948
26.245,6,0.1,0.0,734,797,8948
26.439,6,0.1,0.0,734,798,8948
26.806,6,0.1,0.0,734,801,8948
26.268,6,0.1,0.0,734,805,8948
26.242,6,0.1,0.0,734,806,8948
27.136,6,0.1,0.0,734,809,8948
26.149,6,0.1,0.0,734,813,8948
26.365,6,0.1,0.0,734,814,8948
26.963,6,0.1,0.0,734,817,8948
26.295,6,0.1,0.0,734,821,8948
26.24,6,0.1,0.0,734,822,8948
26.699,6,0.1,0.0,734,825,8948
26.293,6,0.1,0.0,734,828,8948
26.215,6,0.1,0.0,734,830,8948
26.885,6,0.1,0.0,734,832,8948
26.34,6,0.1,0.0,734,836,8948
26.207,6,0.1,0.0,734,838,8948
26.513,6,0.1,0.0,734,840,8948
26.484,6,0.1,0.0,734,844,8948
26.303,6,0.1,0.0,734,846,8948
26.404,6,0.1,0.0,734,848,8948
26.276,6,0.1,0.0,734,853,8948
26.23,6,0.1,0.0,734,856,8948
26.578,6,0.1,0.0,734,858,8948
26.361,6,0.1,0.0,734,862,8948
26.275,6,0.1,0.0,734,866,8948
26.531,6,0.1,0.0,734,867,8948
26.256,6,0.1,0.0,734,872,8948
26.178,6,0.1,0.0,734,877,8948
26.368,6,0.1,0.0,734,877,8948
26.403,6,0.1,0.0,734,882,8948
26.297,6,0.1,0.0,734,886,8948
26.331,6,0.1,0.0,734,887,8948
26.502,6,0.1,0.0,734,892,8948
26.22,6,0.1,0.0,734,893,8948
26.263,6,0.1,0.0,734,895,8948
26.787,6,0.1,0.0,786,647,8948
26.286,6,0.1,0.0,929,455,8948
24.95,6,0.1,0.0,929,448,8948
26.46,6,0.1,0.0,929,449,8948
26.229,6,0.1,0.0,929,450,8948
26.217,6,0.1,0.0,929,450,8948
26.23,6,0.1,0.0,929,451,8948
26.21,6,0.1,0.0,929,452,8948
26.26,6,0.1,0.0,929,452,8948
27.07,6,0.1,0.0,929,453,8948
26.29,6,0.1,0.0,929,454,8948
26.251,6,0.1,0.0,929,454,8948
26.701,6,0.1,0.0,929,455,8948
26.372,6,0.1,0.0,929,456,8948
26.208,6,0.1,0.0,929,456,8948
26.22,6,0.1,0.0,929,457,8948
26.225,6,0.1,0.0,929,458,8948
26.221,6,0.1,0.0,929,458,8948
26.248,6,0.1,0.0,929,459,8948
26.244,6,0.1,0.0,929,460,8948
26.257,6,0.1,0.0,929,461,8948
26.254,6,0.1,0.0,929,461,8948
26.215,6,0.1,0.0,929,462,8948
26.205,6,0.1,0.0,929,463,8948
26.238,6,0.1,0.0,929,463,8948
26.259,6,0.1,0.0,929,464,8948
26.177,6,0.1,0.0,929,464,8948
26.193,6,0.1,0.0,929,465,8948
26.624,6,0.1,0.0,929,466,8948
26.23,6,0.1,0.0,929,467,8948
26.258,6,0.1,0.0,929,467,8948
26.575,6,0.1,0.0,929,468,8948
26.242,6,0.1,0.0,929,469,8948
26.361,6,0.1,0.0,929,469,8948
26.24,6,0.1,0.0,929,470,8948
26.569,6,0.1,0.0,929,471,8948
26.248,6,0.1,0.0,929,471,8948
26.309,6,0.1,0.0,929,472,8948
26.266,6,0.1,0.0,929,473,8948
26.171,6,0.1,0.0,929,473,8948
26.294,6,0.1,0.0,929,474,8948
26.251,6,0.1,0.0,929,475,8948
26.451,6,0.1,0.0,929,475,8948
26.228,6,0.1,0.0,929,476,8948
26.329,6,0.1,0.0,929,476,8948
26.298,6,0.1,0.0,929,477,8948
26.3,6,0.1,0.0,929,478,8948
26.319,6,0.1,0.0,929,478,8948
26.859,6,0.1,0.0,929,479,8948
26.264,6,0.1,0.0,929,480,8948
26.589,6,0.1,0.0,929,480,8948
26.26,6,0.1,0.0,929,481,8948
26.337,6,0.1,0.0,929,482,8948
26.869,6,0.1,0.0,929,482,8948
26.324,6,0.1,0.0,929,483,8948
26.311,6,0.1,0.0,929,484,8948
26.378,6,0.1,0.0,929,484,8948
26.275,6,0.1,0.0,929,485,8948
26.224,6,0.1,0.0,929,486,8948
26.329,6,0.1,0.0,929,486,8948
26.237,6,0.1,0.0,929,487,8948
26.281,6,0.1,0.0,929,487,8948
26.241,6,0.1,0.0,929,488,8948
26.269,6,0.1,0.0,929,489,8948
26.191,3,0.1,0.0,929,489,8948
26.2,3,0.1,0.0,929,490,8948
26.251,3,0.1,0.0,929,491,8948
26.29,3,0.1,0.0,929,492,8948
26.39,3,0.1,0.0,929,492,8948
26.255,3,0.1,0.0,929,493,8948
26.318,3,0.1,0.0,929,494,8948
26.202,3,0.1,0.0,929,494,8948
26.228,3,0.1,0.0,929,495,8948
26.211,3,0.1,0.0,929,496,8948
26.223,3,0.1,0.0,929,496,8948
26.358,3,0.1,0.0,929,497,8948
26.273,3,0.1,0.0,929,498,8948
26.246,3,0.1,0.0,929,498,8948
27.266,3,0.1,0.0,929,499,8948
26.206,3,0.1,0.0,929,500,8948
26.238,3,0.1,0.0,929,500,8948
26.211,3,0.1,0.0,929,501,8948
26.317,3,0.1,0.0,929,502,8948
26.917,3,0.1,0.0,929,502,8948
26.235,3,0.1,0.0,929,503,8948
26.285,3,0.1,0.0,929,504,8948
26.25,3,0.1,0.0,929,504,8948
26.202,3,0.1,0.0,929,505,8948
26.183,3,0.1,0.0,929,506,8948
27.053,3,0.1,0.0,929,506,8948
26.223,3,0.1,0.0,929,507,8948
26.269,3,0.1,0.0,929,508,8948
26.328,3,0.1,0.0,929,508,8948
26.369,3,0.1,0.0,929,510,8948
26.263,3,0.1,0.0,929,511,8948
26.317,3,0.1,0.0,929,512,8948
26.356,3,0.1,0.0,929,514,8948
26.255,3,0.1,0.0,929,515,8948
26.268,3,0.1,0.0,929,516,8948
26.279,3,0.1,0.0,929,518,8948
26.235,3,0.1,0.0,929,519,8948
26.298,3,0.1,0.0,929,521,8948
26.319,3,0.1,0.0,929,522,8948
26.426,3,0.1,0.0,929,523,8948
26.283,3,0.1,0.0,929,525,8948
26.485,3,0.1,0.0,929,525,8948
26.448,3,0.1,0.0,929,527,8948
26.247,3,0.1,0.0,929,529,8948
26.28,3,0.1,0.0,929,529,8948
26.3,3,0.1,0.0,929,531,8948
26.291,3,0.1,0.0,929,532,8948
26.304,3,0.1,0.0,929,533,8948
26.511,3,0.1,0.0,929,534,8948
26.319,3,0.1,0.0,929,536,8948
26.183,3,0.1,0.0,929,538,8948
26.344,3,0.1,0.0,929,539,8948
26.272,3,0.1,0.0,929,542,8948
26.186,3,0.1,0.0,929,544,8948
26.608,3,0.1,0.0,929,545,8948
26.854,3,0.1,0.0,929,548,8948
26.168,3,0.1,0.0,929,550,8948
26.41,3,0.1,0.0,929,551,8948
26.671,3,0.1,0.0,929,554,8948
26.236,3,0.1,0.0,929,556,8948
26.364,3,0.1,0.0,929,557,8948
26.481,3,0.1,0.0,929,560,8948
26.201,3,0.1,0.0,929,562,8948
26.208,3,0.1,0.0,929,563,8948
26.641,3,0.1,0.0,929,565,8948
26.219,3,0.1,0.0,929,568,8948
26.354,3,0.1,0.0,929,568,8948
26.49,3,0.1,0.0,929,572,8948
26.209,3,0.1,0.0,929,575,8948
27.293,3,0.1,0.0,929,576,8948
26.442,3,0.1,0.0,929,580,8948
26.193,3,0.1,0.0,929,583,8948
26.283,3,0.1,0.0,929,584,8948
26.237,3,0.1,0.0,929,588,8948
26.205,3,0.1,0.0,929,591,8948
26.275,3,0.1,0.0,929,593,8948
26.57,3,0.1,0.0,929,595,8948
26.304,3,0.1,0.0,929,599,8948
26.225,3,0.1,0.0,929,601,8948
26.325,3,0.1,0.0,929,603,8948
26.552,3,0.1,0.0,929,607,8948
26.166,3,0.1,0.0,929,610,8948
26.419,3,0.1,0.0,929,611,8948
26.29,3,0.1,0.0,929,615,8948
26.203,3,0.1,0.0,929,618,8948
26.31,3,0.1,0.0,929,619,8948
26.455,3,0.1,0.0,929,622,8948
26.236,3,0.1,0.0,929,627,8948
26.271,3,0.1,0.0,929,628,8948
26.344,3,0.1,0.0,929,632,8948
26.24,3,0.1,0.0,929,636,8948
26.158,3,0.1,0.0,929,638,8948
26.429,3,0.1,0.0,929,641,8948
26.229,3,0.1,0.0,929,646,8948
26.227,3,0.1,0.0,929,649,8948
26.438,3,0.1,0.0,929,651,8948
26.482,3,0.1,0.0,929,656,8948
26.209,3,0.1,0.0,929,659,8948
26.409,3,0.1,0.0,929,661,8948
26.405,3,0.1,0.0,929,665,8948
26.22,6,0.1,0.0,929,668,8948
26.466,6,0.1,0.0,929,670,8948
26.605,6,0.1,0.0,929,675,8948
26.243,6,0.1,0.0,929,681,8948
26.374,6,0.1,0.0,929,681,8948
26.25,6,0.1,0.0,929,687,8948
26.232,6,0.1,0.0,929,692,8948
26.203,6,0.1,0.0,929,694,8948
26.406,6,0.1,0.0,929,698,8948
26.351,6,0.1,0.0,929,704,8948
26.22,6,0.1,0.0,929,706,8948
26.366,6,0.1,0.0,929,710,8948
26.238,6,0.1,0.0,929,715,8948
26.273,6,0.1,0.0,929,718,8948
26.664,6,0.1,0.0,929,720,8948
27.21,6,0.1,0.0,929,724,8948
27.607,6,0.1,0.0,929,727,8948
26.274,6,0.1,0.0,929,730,8948
26.351,6,0.1,0.0,929,735,8948
26.281,6,0.1,0.0,929,739,8948
26.234,6,0.1,0.0,929,741,8948
26.368,6,0.1,0.0,929,747,8948
26.254,6,0.1,0.0,929,751,8948
26.457,6,0.1,0.0,929,754,8948
26.268,6,0.1,0.0,929,760,8948
26.176,6,0.1,0.0,929,765,8948
26.277,6,0.1,0.0,929,768,8948
26.21,6,0.1,0.0,929,773,8948
26.304,6,0.1,0.0,929,778,8948
26.404,6,0.1,0.0,929,781,8948
26.255,6,0.1,0.0,929,787,8948
26.265,6,0.1,0.0,929,791,8948
26.249,6,0.1,0.0,929,794,8948
26.632,6,0.1,0.0,929,800,8948
26.204,6,0.1,0.0,929,805,8948
26.298,6,0.1,0.0,929,808,8948
26.821,6,0.1,0.0,929,814,8948
26.238,6,0.1,0.0,929,820,8948
26.306,6,0.1,0.0,929,822,8948
26.594,6,0.1,0.0,929,829,8948
26.31,6,0.1,0.0,929,836,8948
26.176,6,0.1,0.0,929,837,8948
26.321,6,0.1,0.0,929,844,8948
26.278,6,0.1,0.0,929,852,8948
26.192,6,0.1,0.0,929,853,8948
26.438,6,0.1,0.0,929,859,8948
26.205,6,0.1,0.0,929,867,8948
26.211,6,0.1,0.0,929,870,8948
26.252,6,0.1,0.0,929,874,8948
26.187,6,0.1,0.0,929,882,8948
26.188,6,0.1,0.0,929,886,8948
26.313,6,0.1,0.0,929,890,8948
26.226,6,0.1,0.0,929,897,8948
26.296,6,0.1,0.0,929,902,8948
26.265,6,0.1,0.0,929,905,8948
26.346,6,0.1,0.0,929,912,8948
26.218,6,0.1,0.0,929,918,8948
26.263,6,0.1,0.0,929,921,8948
26.287,6,0.1,0.0,929,929,8948
26.422,6,0.1,0.0,929,935,8948
26.28,6,0.1,0.0,929,939,8948
26.303,6,0.1,0.0,929,945,8948
26.309,6,0.1,0.0,929,953,8948
26.308,6,0.1,0.0,929,956,8948
26.376,6,0.1,0.0,929,962,8948
26.235,6,0.1,0.0,929,970,8948
26.265,6,0.1,0.0,929,973,8948
26.342,6,0.1,0.0,929,979,8948
26.191,6,0.1,0.0,929,988,8948
26.352,6,0.1,0.0,929,990,8948
26.507,6,0.1,0.0,929,997,8948
26.354,6,0.1,0.0,929,1005,8948
26.165,6,0.1,0.0,929,1009,8948
26.449,6,0.1,0.0,929,1015,8948
26.375,6,0.1,0.0,929,1024,8948
26.24,6,0.1,0.0,929,1029,8948
26.306,6,0.1,0.0,929,1034,8948
26.287,6,0.1,0.0,929,1043,8948
26.301,6,0.1,0.0,929,1048,8948
27.016,6,0.1,0.0,929,1051,8948
26.621,6,0.1,0.0,929,1058,8948
26.215,6,0.1,0.0,942,719,8948
25.974,6,0.1,0.0,942,530,8948
26.189,6,0.1,0.0,942,531,8948
26.202,6,0.1,0.0,942,532,8948
26.412,6,0.1,0.0,942,532,8948
26.184,6,0.1,0.0,942,533,8948
26.214,6,0.1,0.0,942,534,8948
26.276,6,0.1,0.0,942,534,8948
26.166,6,0.1,0.0,942,535,8948
26.201,6,0.1,0.0,942,536,8948
26.685,6,0.1,0.0,942,536,8948
26.332,6,0.1,0.0,942,537,8948
26.337,6,0.1,0.0,942,538,8948
26.316,6,0.1,0.0,942,538,8948
26.319,6,0.1,0.0,942,539,8948
26.286,6,0.1,0.0,942,540,8948
26.249,6,0.1,0.0,942,541,8948
26.255,6,0.1,0.0,942,541,8948
26.223,6,0.1,0.0,942,542,8948
26.18,5,0.1,0.0,942,543,8948
26.282,5,0.1,0.0,942,543,8948
26.184,5,0.1,0.0,942,544,8948
26.247,5,0.1,0.0,942,545,8948
26.417,5,0.1,0.0,942,545,8948
26.341,5,0.1,0.0,942,546,8948
26.174,5,0.1,0.0,942,547,8948
26.178,5,0.1,0.0,942,547,8948
26.197,5,0.1,0.0,942,548,8948
26.194,5,0.1,0.0,942,549,8948
26.242,5,0.1,0.0,942,549,8948
26.669,5,0.1,0.0,942,550,8948
26.446,5,0.1,0.0,942,551,8948
26.318,5,0.1,0.0,942,552,8948
26.427,5,0.1,0.0,942,552,8948
26.401,5,0.1,0.0,942,553,8948
26.198,5,0.1,0.0,942,554,8948
26.23,5,0.1,0.0,942,554,8948
26.393,5,0.1,0.0,942,555,8948
26.255,5,0.1,0.0,942,556,8948
26.185,5,0.1,0.0,942,556,8948
26.224,5,0.1,0.0,942,557,8948
26.274,5,0.1,0.0,942,558,8948
26.225,5,0.1,0.0,942,558,8948
26.159,5,0.1,0.0,942,559,8948
26.335,5,0.1,0.0,942,560,8948
26.19,5,0.1,0.0,942,560,8948
26.376,5,0.1,0.0,942,561,8948
26.623,5,0.1,0.0,942,562,8948
26.183,5,0.1,0.0,942,562,8948
26.233,5,0.1,0.0,942,563,8948
26.379,5,0.1,0.0,942,564,8948
26.17,5,0.1,0.0,942,564,8948
26.335,5,0.1,0.0,942,565,8948
26.346,5,0.1,0.0,942,566,8948
26.233,5,0.1,0.0,942,566,8948
26.317,5,0.1,0.0,942,567,8948
26.495,5,0.1,0.0,942,568,8948
26.238,5,0.1,0.0,942,569,8948
26.275,5,0.1,0.0,942,569,8948
26.321,5,0.1,0.0,942,570,8948
26.208,5,0.1,0.0,942,570,8948
26.189,5,0.1,0.0,942,571,8948
26.223,5,0.1,0.0,942,572,8948
26.176,5,0.1,0.0,942,572,8948
26.172,5,0.1,0.0,942,573,8948
26.33,5,0.1,0.0,942,574,8948
26.565,5,0.1,0.0,942,574,8948
26.21,5,0.1,0.0,942,575,8948
26.319,5,0.1,0.0,942,576,8948
26.406,5,0.1,0.0,942,576,8948
26.188,5,0.1,0.0,942,577,8948
26.25,5,0.1,0.0,942,578,8948
26.421,5,0.1,0.0,942,578,8948
26.238,5,0.1,0.0,942,579,8948
26.242,5,0.1,0.0,942,580,8948
26.282,5,0.1,0.0,942,580,8948
26.213,5,0.1,0.0,942,581,8948
26.338,5,0.1,0.0,942,582,8948
26.27,5,0.1,0.0,942,582,8948
26.225,5,0.1,0.0,942,583,8948
26.332,5,0.1,0.0,942,584,8948
26.396,5,0.1,0.0,942,584,8948
26.236,5,0.1,0.0,942,585,8948
26.16,5,0.1,0.0,942,586,8948
26.281,5,0.1,0.0,942,586,8948
26.241,5,0.1,0.0,942,587,8948
26.274,5,0.1,0.0,942,588,8948
26.219,5,0.1,0.0,942,588,8948
26.466,5,0.1,0.0,942,589,8948
26.205,5,0.1,0.0,942,590,8948
26.195,5,0.1,0.0,942,591,8948
26.295,5,0.1,0.0,942,592,8948
26.31,5,0.1,0.0,942,594,8948
26.273,5,0.1,0.0,942,595,8948
26.374,5,0.1,0.0,942,596,8948
26.276,5,0.1,0.0,942,597,8948
26.234,5,0.1,0.0,942,598,8948
26.63,5,0.1,0.0,942,600,8948
26.227,5,0.1,0.0,942,601,8948
26.201,5,0.1,0.0,942,603,8948
26.316,5,0.1,0.0,942,603,8948
26.195,5,0.1,0.0,942,605,8948
26.204,5,0.1,0.0,942,607,8948
26.54,5,0.1,0.0,942,607,8948
26.205,5,0.1,0.0,942,609,8948
26.177,5,0.1,0.0,942,611,8948
26.552,5,0.1,0.0,942,611,8948
26.94,5,0.1,0.0,942,613,8948
26.187,5,0.1,0.0,942,615,8948
26.288,5,0.1,0.0,942,615,8948
26.355,5,0.1,0.0,942,617,8948
26.177,5,0.1,0.0,942,618,8948
26.241,5,0.1,0.0,942,620,8948
26.274,5,0.1,0.0,942,622,8948
26.178,5,0.1,0.0,942,624,8948
26.247,5,0.1,0.0,942,626,8948
26.282,5,0.1,0.0,942,628,8948
26.154,5,0.1,0.0,942,630,8948
26.189,5,0.1,0.0,942,632,8948
26.222,5,0.1,0.0,942,634,8948
26.226,5,0.1,0.0,942,636,8948
26.261,5,0.1,0.0,942,639,8948
26.205,5,0.1,0.0,942,640,8948
26.201,5,0.1,0.0,942,642,8948
26.23,5,0.1,0.0,942,645,8948
26.209,5,0.1,0.0,942,646,8948
26.738,5,0.1,0.0,942,648,8948
26.187,5,0.1,0.0,942,651,8948
26.166,5,0.1,0.0,942,653,8948
26.257,5,0.1,0.0,942,655,8948
26.365,5,0.1,0.0,942,657,8948
26.279,5,0.1,0.0,942,659,8948
26.263,5,0.1,0.0,942,663,8948
26.248,5,0.1,0.0,942,665,8948
26.208,5,0.1,0.0,942,667,8948
26.211,5,0.1,0.0,942,671,8948
26.195,5,0.1,0.0,942,673,8948
26.215,5,0.1,0.0,942,676,8948
26.213,5,0.1,0.0,942,678,8948
26.316,5,0.1,0.0,942,681,8948
26.268,5,0.1,0.0,942,683,8948
26.19,5,0.1,0.0,942,686,8948
26.194,5,0.1,0.0,942,688,8948
26.163,5,0.1,0.0,942,692,8948
26.52,5,0.1,0.0,942,694,8948
26.885,5,0.1,0.0,942,696,8948
26.426,5,0.1,0.0,942,700,8948
26.194,5,0.1,0.0,942,701,8948
26.306,5,0.1,0.0,942,704,8948
26.244,5,0.1,0.0,942,708,8948
26.423,5,0.1,0.0,942,710,8948
26.258,5,0.1,0.0,942,713,8948
26.243,5,0.1,0.0,942,718,8948
26.346,5,0.1,0.0,942,720,8948
26.248,5,0.1,0.0,942,723,8948
26.218,5,0.1,0.0,942,728,8948
26.348,5,0.1,0.0,942,729,8948
26.19,5,0.1,0.0,942,733,8948
26.185,5,0.1,0.0,942,737,8948
26.41,5,0.1,0.0,942,739,8948
26.264,5,0.1,0.0,942,743,8948
26.243,5,0.1,0.0,942,747,8948
26.33,5,0.1,0.0,942,749,8948
26.297,5,0.1,0.0,942,753,8948
26.239,5,0.1,0.0,942,757,8948
26.247,5,0.1,0.0,942,760,8948
26.305,5,0.1,0.0,942,765,8948
26.217,5,0.1,0.0,942,768,8948
26.252,5,0.1,0.0,942,772,8948
26.244,5,0.1,0.0,942,776,8948
26.364,5,0.1,0.0,942,779,8948
26.207,5,0.1,0.0,942,785,8948
26.197,5,0.1,0.0,942,788,8948
26.359,5,0.1,0.0,942,792,8948
26.366,5,0.1,0.0,942,797,8948
26.348,5,0.1,0.0,942,799,8948
26.337,5,0.1,0.0,942,804,8948
26.319,5,0.1,0.0,942,808,8948
26.499,5,0.1,0.0,942,811,8948
26.26,5,0.1,0.0,942,816,8948
26.237,5,0.1,0.0,942,820,8948
26.255,5,0.1,0.0,942,823,8948
26.269,5,0.1,0.0,942,827,8948
26.202,5,0.1,0.0,942,831,8948
26.201,5,0.1,0.0,942,836,8948
26.227,5,0.1,0.0,942,840,8948
26.189,5,0.1,0.0,942,845,8948
26.192,5,0.1,0.0,942,849,8948
26.216,5,0.1,0.0,942,854,8948
26.218,5,0.1,0.0,942,858,8948
26.183,5,0.1,0.0,942,862,8948
26.21,5,0.1,0.0,942,867,8948
26.318,5,0.1,0.0,942,871,8948
26.188,5,0.1,0.0,942,876,8948
26.232,5,0.1,0.0,942,880,8948
26.837,5,0.1,0.0,942,885,8948
26.195,5,0.1,0.0,942,891,8948
26.179,5,0.1,0.0,942,894,8948
26.206,5,0.1,0.0,942,899,8948
26.155,5,0.1,0.0,942,904,8948
26.193,5,0.1,0.0,942,908,8948
26.15,5,0.1,0.0,957,876,8948
26.26,5,0.1,0.0,957,761,8948
26.221,5,0.1,0.0,957,727,8948
26.224,5,0.1,0.0,957,727,8948
26.163,5,0.1,0.0,957,727,8948
26.419,5,0.1,0.0,957,727,8948
26.205,5,0.1,0.0,957,728,8948
26.251,5,0.1,0.0,957,728,8948
26.193,5,0.1,0.0,957,728,8948
26.251,5,0.1,0.0,957,728,8948
26.189,5,0.1,0.0,957,729,8948
26.213,5,0.1,0.0,957,729,8948
26.227,5,0.1,0.0,957,729,8948
26.186,5,0.1,0.0,957,730,8948
26.142,5,0.1,0.0,957,730,8948
26.202,5,0.1,0.0,957,730,8948
26.202,5,0.1,0.0,957,730,8948
26.223,5,0.1,0.0,957,731,8948
26.21,8,0.1,0.0,957,731,8948
26.182,8,0.1,0.0,957,731,8948
26.23,8,0.1,0.0,957,732,8948
26.316,8,0.1,0.0,957,732,8948
26.329,8,0.1,0.0,957,732,8948
26.21,8,0.1,0.0,957,732,8948
26.374,8,0.1,0.0,957,733,8948
26.226,8,0.1,0.0,957,733,8948
26.222,8,0.1,0.0,957,733,8948
26.236,8,0.1,0.0,957,733,8948
26.194,8,0.1,0.0,957,734,8948
26.185,8,0.1,0.0,957,734,8948
26.179,8,0.1,0.0,957,734,8948
26.187,8,0.1,0.0,957,735,8948
26.191,8,0.1,0.0,957,735,8948
26.183,8,0.1,0.0,957,735,8948
26.186,8,0.1,0.0,957,735,8948
26.221,8,0.1,0.0,957,736,8948
26.224,8,0.1,0.0,957,736,8948
26.308,8,0.1,0.0,957,736,8948
26.289,8,0.1,0.0,957,737,8948
26.16,8,0.1,0.0,957,737,8948
26.247,8,0.1,0.0,957,737,8948
26.32,8,0.1,0.0,957,737,8948
26.186,8,0.1,0.0,957,738,8948
26.279,8,0.1,0.0,957,738,8948
26.309,8,0.1,0.0,957,738,8948
26.207,8,0.1,0.0,957,738,8948
26.582,8,0.1,0.0,957,739,8948
26.23,8,0.1,0.0,957,739,8948
26.288,8,0.1,0.0,957,739,8948
26.262,8,0.1,0.0,957,739,8948
26.227,8,0.1,0.0,957,740,8948
26.165,8,0.1,0.0,957,740,8948
26.247,8,0.1,0.0,957,740,8948
26.279,8,0.1,0.0,957,741,8948
26.203,8,0.1,0.0,957,741,8948
26.194,8,0.1,0.0,957,741,8948
26.205,8,0.1,0.0,957,741,8948
26.179,8,0.1,0.0,957,742,8948
26.184,8,0.1,0.0,957,742,8948
26.218,8,0.1,0.0,968,676,8948
26.237,8,0.1,0.0,968,591,8948
26.21,8,0.1,0.0,968,591,8948
26.309,8,0.1,0.0,968,591,8948
26.185,8,0.1,0.0,968,591,8948
26.223,8,0.1,0.0,968,592,8948
26.224,8,0.1,0.0,968,592,8948
26.196,8,0.1,0.0,968,592,8948
26.216,8,0.1,0.0,968,592,8948
26.174,8,0.1,0.0,968,593,8948
26.277,8,0.1,0.0,968,593,8948
26.246,8,0.1,0.0,968,593,8948
26.175,8,0.1,0.0,968,593,8948
26.196,8,0.1,0.0,968,594,8948
26.217,8,0.1,0.0,968,594,8948
26.213,8,0.1,0.0,968,594,8948
26.215,8,0.1,0.0,968,595,8948
26.204,8,0.1,0.0,968,595,8948
26.206,8,0.1,0.0,968,595,8948
26.222,8,0.1,0.0,968,595,8948
26.223,8,0.1,0.0,968,596,8948
26.252,8,0.1,0.0,968,596,8948
26.363,8,0.1,0.0,968,596,8948
26.222,8,0.1,0.0,968,596,8948
26.587,8,0.1,0.0,968,597,8948
26.202,8,0.1,0.0,968,597,8948
26.27,8,0.1,0.0,968,597,8948
26.381,8,0.1,0.0,968,598,8948
26.3,8,0.1,0.0,968,598,8948
26.788,8,0.1,0.0,968,598,8948
26.264,8,0.1,0.0,968,598,8948
26.221,8,0.1,0.0,968,599,8948
26.356,8,0.1,0.0,968,599,8948
26.301,8,0.1,0.0,968,599,8948
26.653,8,0.1,0.0,968,599,8948
26.189,8,0.1,0.0,968,600,8948
26.251,8,0.1,0.0,968,600,8948
26.364,8,0.1,0.0,968,600,8948
26.207,8,0.1,0.0,968,601,8948
26.19,8,0.1,0.0,968,601,8948
26.293,8,0.1,0.0,968,601,8948
26.189,8,0.1,0.0,968,601,8948
26.291,8,0.1,0.0,968,602,8948
26.205,8,0.1,0.0,968,602,8948
26.153,8,0.1,0.0,968,602,8948
26.213,8,0.1,0.0,968,602,8948
26.412,8,0.1,0.0,968,603,8948
26.191,8,0.1,0.0,968,603,8948
26.556,8,0.1,0.0,968,603,8948
26.317,8,0.1,0.0,968,603,8948
26.334,8,0.1,0.0,968,604,8948
26.446,8,0.1,0.0,968,604,8948
26.353,8,0.1,0.0,968,604,8948
26.643,8,0.1,0.0,968,605,8948
26.197,8,0.1,0.0,968,605,8948
26.679,8,0.1,0.0,968,605,8948
26.57,8,0.1,0.0,968,605,8948
26.22,8,0.1,0.0,968,605,8948
26.316,8,0.1,0.0,968,606,8948
26.346,4,0.1,0.0,968,606,8948
26.274,4,0.1,0.0,968,606,8948
26.21,4,0.1,0.0,968,607,8948
26.285,4,0.1,0.0,968,607,8948
26.193,4,0.1,0.0,968,607,8948
26.404,4,0.1,0.0,968,607,8948
26.201,4,0.1,0.0,968,608,8948
26.19,4,0.1,0.0,968,608,8948
26.445,4,0.1,0.0,968,608,8948
26.651,4,0.1,0.0,968,609,8948
26.227,4,0.1,0.0,968,609,8948
26.188,4,0.1,0.0,968,609,8948
26.209,4,0.1,0.0,968,609,8948
26.243,4,0.1,0.0,968,610,8948
26.272,4,0.1,0.0,968,610,8948
26.205,4,0.1,0.0,968,610,8948
26.333,4,0.1,0.0,968,611,8948
26.287,4,0.1,0.0,968,611,8948
26.207,4,0.1,0.0,968,611,8948
26.325,4,0.1,0.0,968,611,8948
26.436,4,0.1,0.0,968,612,8948
26.232,4,0.1,0.0,968,612,8948
26.242,4,0.1,0.0,968,612,8948
26.187,4,0.1,0.0,968,612,8948
26.249,4,0.1,0.0,968,613,8948
26.226,4,0.1,0.0,968,613,8948
26.222,4,0.1,0.0,968,613,8948
26.217,4,0.1,0.0,968,613,8948
26.275,4,0.1,0.0,968,614,8948
26.22,4,0.1,0.0,968,614,8948
26.237,4,0.1,0.0,968,614,8948
26.297,4,0.1,0.0,968,615,8948
26.241,4,0.1,0.0,968,615,8948
26.266,4,0.1,0.0,968,615,8948
26.327,4,0.1,0.0,968,615,8948
26.259,4,0.1,0.0,968,616,8948
26.311,4,0.1,0.0,968,616,8948
26.258,4,0.1,0.0,968,617,8948
26.182,4,0.1,0.0,968,618,8948
26.271,4,0.1,0.0,968,618,8948
26.175,4,0.1,0.0,968,619,8948
26.213,4,0.1,0.0,968,619,8948
26.169,4,0.1,0.0,968,620,8948
26.25,4,0.1,0.0,968,620,8948
26.934,4,0.1,0.0,968,621,8948
26.179,4,0.1,0.0,968,622,8948
26.341,4,0.1,0.0,968,622,8948
26.22,4,0.1,0.0,968,623,8948
26.214,4,0.1,0.0,968,623,8948
26.219,4,0.1,0.0,968,623,8948
26.268,4,0.1,0.0,968,624,8948
26.133,4,0.1,0.0,968,625,8948
26.549,4,0.1,0.0,968,625,8948
26.372,4,0.1,0.0,968,626,8948
26.216,4,0.1,0.0,968,627,8948
26.364,4,0.1,0.0,968,627,8948
26.28,4,0.1,0.0,968,628,8948
26.203,4,0.1,0.0,968,629,8948
26.211,4,0.1,0.0,968,629,8948
26.486,4,0.1,0.0,968,630,8948
26.211,4,0.1,0.0,968,631,8948
26.216,4,0.1,0.0,968,632,8948
26.285,4,0.1,0.0,968,633,8948
26.268,4,0.1,0.0,968,634,8948
26.202,4,0.1,0.0,968,634,8948
26.405,4,0.1,0.0,968,635,8948
26.271,4,0.1,0.0,968,636,8948
26.184,4,0.1,0.0,968,637,8948
26.298,4,0.1,0.0,968,637,8948
26.221,4,0.1,0.0,968,639,8948
26.176,4,0.1,0.0,968,640,8948
26.344,4,0.1,0.0,968,640,8948
26.714,4,0.1,0.0,968,642,8948
26.196,4,0.1,0.0,968,643,8948
26.687,4,0.1,0.0,968,643,8948
26.229,4,0.1,0.0,968,645,8948
26.234,4,0.1,0.0,968,646,8948
26.198,4,0.1,0.0,968,647,8948
26.307,4,0.1,0.0,968,648,8948
26.191,4,0.1,0.0,968,649,8948
26.157,4,0.1,0.0,968,650,8948
26.16,4,0.1,0.0,968,651,8948
26.619,4,0.1,0.0,968,653,8948
26.286,4,0.1,0.0,968,654,8948
26.692,4,0.1,0.0,968,654,8948
26.539,4,0.1,0.0,968,656,8948
26.208,4,0.1,0.0,968,657,8948
26.328,4,0.1,0.0,968,658,8948
26.324,4,0.1,0.0,968,659,8948
26.215,4,0.1,0.0,968,661,8948
26.212,4,0.1,0.0,968,661,8948
26.281,4,0.1,0.0,968,663,8948
26.159,4,0.1,0.0,968,664,8948
26.307,4,0.1,0.0,968,665,8948
26.223,4,0.1,0.0,968,667,8948
26.226,4,0.1,0.0,968,668,8948
26.237,4,0.1,0.0,968,669,8948
26.308,4,0.1,0.0,968,671,8948
26.191,4,0.1,0.0,968,672,8948
26.182,4,0.1,0.0,968,673,8948
26.307,7,0.1,0.0,968,675,8948
26.565,7,0.1,0.0,968,676,8948
26.233,7,0.1,0.0,968,678,8948
26.644,7,0.1,0.0,968,679,8948
26.349,7,0.1,0.0,968,680,8948
26.204,7,0.1,0.0,968,682,8948
26.203,7,0.1,0.0,968,684,8948
26.368,7,0.1,0.0,968,685,8948
26.172,7,0.1,0.0,968,687,8948
26.213,7,0.1,0.0,968,689,8948
26.544,7,0.1,0.0,968,690,8948
26.545,7,0.1,0.0,968,692,8948
26.227,7,0.1,0.0,968,694,8948
26.525,7,0.1,0.0,968,695,8948
26.24,7,0.1,0.0,968,697,8948
26.271,7,0.1,0.0,968,699,8948
26.292,7,0.1,0.0,968,699,8948
26.341,7,0.1,0.0,968,702,8948
26.25,7,0.1,0.0,968,704,8948
26.219,7,0.1,0.0,968,704,8948
26.311,7,0.1,0.0,968,706,8948
26.238,7,0.1,0.0,968,709,8948
26.208,7,0.1,0.0,968,709,8948
26.348,7,0.1,0.0,968,711,8948
26.217,7,0.1,0.0,968,713,8948
26.225,7,0.1,0.0,968,714,8948
26.255,7,0.1,0.0,968,716,8948
26.396,7,0.1,0.0,968,719,8948
26.307,7,0.1,0.0,968,720,8948
26.319,7,0.1,0.0,968,722,8948
26.671,7,0.1,0.0,968,724,8948
26.179,7,0.1,0.0,968,727,8948
26.586,7,0.1,0.0,968,727,8948
26.56,7,0.1,0.0,968,730,8948
26.213,7,0.1,0.0,968,733,8948
26.526,7,0.1,0.0,968,733,8948
26.451,7,0.1,0.0,968,736,8948
26.233,7,0.1,0.0,968,736,8948
26.5,7,0.1,0.0,968,737,8948
26.462,7,0.1,0.0,1053,518,8948
26.268,7,0.1,0.0,1157,518,8948
25.968,7,0.1,0.0,1172,570,8948
26.249,7,0.1,0.0,1172,571,8948
26.222,7,0.1,0.0,1172,571,8948
26.188,7,0.1,0.0,1172,571,8948
26.26,7,0.1,0.0,1172,572,8948
26.172,7,0.1,0.0,1172,572,8948
26.234,7,0.1,0.0,1172,572,8948
26.288,7,0.1,0.0,1172,573,8948
26.223,7,0.1,0.0,1172,573,8948
26.233,7,0.1,0.0,1172,573,8948
26.243,7,0.1,0.0,1172,573,8948
26.19,7,0.1,0.0,1172,574,8948
26.312,7,0.1,0.0,1172,574,8948
26.272,7,0.1,0.0,1172,574,8948
26.183,7,0.1,0.0,1172,575,8948
26.227,7,0.1,0.0,1172,575,8948
26.186,7,0.1,0.0,1172,575,8948
26.194,7,0.1,0.0,1172,576,8948
26.277,7,0.1,0.0,1172,576,8948
26.336,7,0.1,0.0,1172,576,8948
26.259,7,0.1,0.0,1172,577,8948
26.228,7,0.1,0.0,1172,577,8948
26.636,7,0.1,0.0,1172,577,8948
26.234,7,0.1,0.0,1172,577,8948
26.231,7,0.1,0.0,1172,578,8948
26.182,7,0.1,0.0,1172,578,8948
26.253,7,0.1,0.0,1172,578,8948
26.917,7,0.1,0.0,1172,578,8948
26.213,7,0.1,0.0,1172,579,8948
26.369,7,0.1,0.0,1172,579,8948
26.43,7,0.1,0.0,1172,579,8948
26.263,7,0.1,0.0,1172,580,8948
26.225,7,0.1,0.0,1172,580,8948
26.894,7,0.1,0.0,1172,580,8948
26.267,7,0.1,0.0,1172,581,8948
26.315,7,0.1,0.0,1172,581,8948
26.213,7,0.1,0.0,1172,581,8948
26.26,7,0.1,0.0,1172,582,8948
26.239,7,0.1,0.0,1172,582,8948
26.186,7,0.1,0.0,1172,582,8948
26.202,7,0.1,0.0,1172,582,8948
26.301,7,0.1,0.0,1172,583,8948
26.244,7,0.1,0.0,1172,583,8948
26.209,7,0.1,0.0,1172,583,8948
26.297,7,0.1,0.0,1172,584,8948
26.318,7,0.1,0.0,1172,584,8948
26.285,7,0.1,0.0,1172,584,8948
26.596,7,0.1,0.0,1172,585,8948
26.201,7,0.1,0.0,1172,585,8948
26.242,7,0.1,0.0,1172,585,8948
26.383,7,0.1,0.0,1172,586,8948
26.459,7,0.1,0.0,1172,586,8948
26.76,7,0.1,0.0,1172,586,8948
26.217,7,0.1,0.0,1172,586,8948
26.948,7,0.1,0.0,1172,587,8948
26.405,7,0.1,0.0,1172,587,8948
26.26,7,0.1,0.0,1172,587,8948
26.471,7,0.1,0.0,1172,588,8948
26.26,7,0.1,0.0,1172,588,8948
26.233,3,0.1,0.0,1172,588,8948
26.573,3,0.1,0.0,1172,589,8948
26.21,3,0.1,0.0,1172,589,8948
26.227,3,0.1,0.0,1172,589,8948
26.538,3,0.1,0.0,1172,590,8948
26.265,3,0.1,0.0,1172,590,8948
26.269,3,0.1,0.0,1172,590,8948
26.204,3,0.1,0.0,1172,590,8948
26.227,3,0.1,0.0,1172,591,8948
26.573,3,0.1,0.0,1172,591,8948
26.239,3,0.1,0.0,1172,591,8948
26.204,3,0.1,0.0,1172,592,8948
26.516,3,0.1,0.0,1172,592,8948
26.822,3,0.1,0.0,1172,592,8948
26.19,3,0.1,0.0,1172,593,8948
26.508,3,0.1,0.0,1172,593,8948
26.475,3,0.1,0.0,1172,593,8948
26.263,3,0.1,0.0,1172,594,8948
26.549,3,0.1,0.0,1172,594,8948
26.282,3,0.1,0.0,1172,594,8948
26.3,3,0.1,0.0,1172,594,8948
26.526,3,0.1,0.0,1172,595,8948
26.226,3,0.1,0.0,1172,595,8948
26.254,3,0.1,0.0,1172,595,8948
26.394,3,0.1,0.0,1172,595,8948
26.2,3,0.1,0.0,1172,596,8948
26.194,3,0.1,0.0,1172,596,8948
26.28,3,0.1,0.0,1172,596,8948
26.321,3,0.1,0.0,1172,597,8948
26.326,3,0.1,0.0,1172,597,8948
26.386,3,0.1,0.0,1172,597,8948
26.508,3,0.1,0.0,1172,598,8948
26.246,3,0.1,0.0,1172,598,8948
26.196,3,0.1,0.0,1281,476,8948
27.612,3,0.1,0.0,1281,476,8948
26.485,3,0.1,0.0,1281,476,8948
26.318,3,0.1,0.0,1281,476,8948
26.225,3,0.1,0.0,1281,477,8948
26.163,3,0.1,0.0,1281,477,8948
26.399,3,0.1,0.0,1281,477,8948
26.38,3,0.1,0.0,1281,478,8948
26.309,3,0.1,0.0,1281,478,8948
26.269,3,0.1,0.0,1281,478,8948
26.195,3,0.1,0.0,1281,478,8948
26.272,3,0.1,0.0,1281,478,8948
26.317,3,0.1,0.0,1281,479,8948
26.269,3,0.1,0.0,1281,479,8948
26.335,3,0.1,0.0,1281,479,8948
26.281,3,0.1,0.0,1281,480,8948
26.317,3,0.1,0.0,1281,480,8948
26.235,3,0.1,0.0,1281,480,8948
26.317,3,0.1,0.0,1281,480,8948
26.234,3,0.1,0.0,1281,481,8948
26.263,3,0.1,0.0,1281,481,8948
26.259,3,0.1,0.0,1281,481,8948
26.402,3,0.1,0.0,1281,482,8948
26.406,3,0.1,0.0,1281,482,8948
26.358,3,0.1,0.0,1281,482,8948
26.279,3,0.1,0.0,1281,482,8948
26.214,3,0.1,0.0,1281,483,8948
26.241,3,0.1,0.0,1281,483,8948
26.542,3,0.1,0.0,1281,483,8948
26.187,3,0.1,0.0,1281,483,8948
26.272,3,0.1,0.0,1281,484,8948
26.403,3,0.1,0.0,1281,484,8948
26.206,3,0.1,0.0,1281,484,8948
26.276,3,0.1,0.0,1281,484,8948
26.208,3,0.1,0.0,1281,485,8948
26.203,3,0.1,0.0,1281,485,8948
26.193,3,0.1,0.0,1281,485,8948
26.205,3,0.1,0.0,1281,486,8948
26.166,3,0.1,0.0,1281,486,8948
26.786,3,0.1,0.0,1281,486,8948
26.338,3,0.1,0.0,1281,486,8948
26.441,3,0.1,0.0,1281,487,8948
26.171,3,0.1,0.0,1281,487,8948
26.36,3,0.1,0.0,1281,487,8948
26.398,3,0.1,0.0,1281,488,8948
26.213,3,0.1,0.0,1281,488,8948
26.211,3,0.1,0.0,1281,488,8948
26.321,3,0.1,0.0,1281,488,8948
26.233,3,0.1,0.0,1281,489,8948
26.369,3,0.1,0.0,1281,489,8948
26.278,3,0.1,0.0,1281,489,8948
26.232,3,0.1,0.0,1281,490,8948
26.791,3,0.1,0.0,1281,490,8948
26.454,3,0.1,0.0,1281,490,8948
26.205,3,0.1,0.0,1281,490,8948
26.241,3,0.1,0.0,1281,491,8948
26.304,3,0.1,0.0,1281,491,8948
26.231,3,0.1,0.0,1281,491,8948
26.198,3,0.1,0.0,1281,491,8948
26.248,3,0.1,0.0,1281,492,8948
26.225,3,0.1,0.0,1281,492,8948
26.368,3,0.1,0.0,1281,492,8948
26.48,3,0.1,0.0,1281,493,8948
26.204,3,0.1,0.0,1281,493,8948
26.18,3,0.1,0.0,1281,493,8948
26.622,3,0.1,0.0,1281,493,8948
26.218,3,0.1,0.0,1281,494,8948
