end,socket,rtt,seconds,bits_per_second,bytes,start,retransmits,rttvar,pmtu,snd_cwnd
0.10009193420410156,16,69482,0.10009193420410156,12571354625.180555,157286400,0,0,26069,9000,89480
0.2001349925994873,16,69480,0.10004305839538574,0,0,0.10009193420410156,0,19556,9000,89480
0.3001430034637451,16,71550,0.10000801086425781,0,0,0.2001349925994873,0,5639,9000,178960
0.40012502670288086,16,73164,0.09998202323913574,0,0,0.3001430034637451,0,357,9000,340024
0.500067949295044,16,71073,0.09994292259216309,104917484.18033785,1310720,0.40012502670288086,0,267,9000,823216
0.6000628471374512,16,70679,0.09999489784240723,104862950.27297936,1310720,0.500067949295044,0,81,9000,2487544
0.7000579833984375,16,69808,0.09999513626098633,314588100.74418825,3932160,0.6000628471374512,0,100,9000,5744616
0.8000209331512451,16,69947,0.09996294975280762,1048964643.9935603,13107200,0.7000579833984375,0,73,9000,17287536
0.9000558853149414,16,69798,0.10003495216369629,2306061181.7208285,28835840,0.8000209331512451,0,35,9000,43523072
1.034066915512085,16,76253,0.13401103019714355,1095436993.388094,18350080,0.9000558853149414,2352,117,9000,12938808
1.10005784034729,16,71234,0.06599092483520508,317794000.4988692,2621440,1.034066915512085,0,1090,9000,12938808
1.2000749111175537,16,70149,0.10001707077026367,6814580698.584512,85196800,1.10005784034729,0,22,9000,28239888
1.300076961517334,16,69808,0.10000205039978027,3565085301.4988117,44564480,1.2000749111175537,0,52,9000,28257784
1.4000768661499023,16,69745,0.09999990463256836,3040873300.0027657,38010880,1.300076961517334,0,41,9000,28266732
1.5000889301300049,16,69802,0.10001206398010254,3355038448.8291006,41943040,1.4000768661499023,0,61,9000,28284628
1.6000678539276123,16,69486,0.09997892379760742,3146391139.764679,39321600,1.5000889301300049,0,24,9000,28293576
1.7000558376312256,16,69860,0.09998798370361328,3355846448.4555297,41943040,1.6000678539276123,0,62,9000,28302524
1.8000638484954834,16,69815,0.10000801086425781,3145476020.185761,39321600,1.7000558376312256,0,55,9000,28320420
1.9000320434570312,16,69859,0.09996819496154785,3251619778.9210033,40632320,1.8000638484954834,0,56,9000,28329368
2.000056028366089,16,69868,0.10002398490905762,3354638592.984261,41943040,1.9000320434570312,0,56,9000,28347264
2.100054979324341,16,70003,0.09999895095825195,3040902300.3346477,38010880,2.000056028366089,0,73,9000,28356212
2.200054883956909,16,69881,0.09999990463256836,3460304100.003147,43253760,2.100054979324341,0,72,9000,28374108
2.30007004737854,16,69851,0.10001516342163086,3040409369.9079366,38010880,2.200054883956909,0,135,9000,28383056
2.4000580310821533,16,69843,0.09998798370361328,3355846448.4555297,41943040,2.30007004737854,0,54,9000,28400952
2.5000619888305664,16,69599,0.10000395774841309,3250456955.0914416,40632320,2.4000580310821533,0,83,9000,28427796
2.6000559329986572,16,69812,0.09999394416809082,3250782461.921627,40632320,2.5000619888305664,0,48,9000,28463588
2.700054883956909,16,69770,0.09999895095825195,3355478400.3692665,41943040,2.6000559329986572,0,45,9000,28517276
2.800057888031006,16,69748,0.10000300407409668,3145633502.8387647,39321600,2.700054883956909,0,52,9000,28579912
2.9000308513641357,16,69945,0.09997296333312988,3356350645.342974,41943040,2.800057888031006,0,69,9000,28642548
3.0000810623168945,16,69681,0.10005021095275879,3248954269.1067843,40632320,2.9000308513641357,0,73,9000,28714132
3.100054979324341,16,69957,0.09997391700744629,3356318628.3379083,41943040,3.0000810623168945,0,76,9000,28812560
3.2000820636749268,16,69466,0.10002708435058594,3249705438.3860574,40632320,3.100054979324341,0,21,9000,28910988
3.300018072128296,16,69911,0.09993600845336914,3252667031.9404907,40632320,3.2000820636749268,0,47,9000,29009416
3.4000580310821533,16,70174,0.10003995895385742,3458918652.291765,43253760,3.300018072128296,0,143,9000,29134688
3.500027894973755,16,70380,0.09996986389160156,3146676285.7764297,39321600,3.4000580310821533,0,46,9000,29242064
3.6000568866729736,16,70165,0.10002899169921875,3459297890.7604303,43253760,3.500027894973755,0,53,9000,29385232
3.7000699043273926,16,69574,0.10001301765441895,3145318553.3003564,39321600,3.6000568866729736,0,83,9000,29519452
3.8000409603118896,16,70410,0.09997105598449707,3461302639.972717,43253760,3.7000699043273926,0,51,9000,29680516
3.90004301071167,16,69846,0.10000205039978027,3565085301.4988117,44564480,3.8000409603118896,0,76,9000,29841580
4.000056028366089,16,69887,0.10001301765441895,3250162505.077035,40632320,3.90004301071167,0,88,9000,30002644
4.100028991699219,16,69967,0.09997296333312988,3566122560.6769104,44564480,4.000056028366089,0,49,9000,30199500
4.200023889541626,16,69875,0.09999489784240723,3250751458.46236,40632320,4.100028991699219,0,77,9000,30378460
4.300055027008057,16,69858,0.10003113746643066,3668873605.712638,45875200,4.200023889541626,0,28,9000,30593212
4.400068998336792,16,69747,0.10001397132873535,3354974465.4884396,41943040,4.300055027008057,0,45,9000,30799016
4.500015020370483,16,69951,0.0999460220336914,3567083839.3129835,44564480,4.400068998336792,0,30,9000,31022716
4.600055932998657,16,70324,0.10004091262817383,3668515114.051887,45875200,4.500015020370483,0,29,9000,31255364
4.700026988983154,16,69980,0.09997105598449707,3356414681.185665,41943040,4.600055932998657,0,59,9000,31479064
4.800072908401489,16,70327,0.10004591941833496,3773140995.6018615,47185920,4.700026988983154,0,29,9000,31738556
4.900074005126953,16,70297,0.10000109672546387,3460262850.4162025,43253760,4.800072908401489,0,81,9000,31989100
5.000074863433838,16,69889,0.10000085830688477,3774841200.278089,47185920,4.900074005126953,0,51,9000,32266488
5.100075960159302,16,69802,0.10000109672546387,3669975750.441427,45875200,5.000074863433838,0,58,9000,32543876
5.200057029724121,16,70324,0.09998106956481934,3670710881.5441003,45875200,5.100075960159302,0,44,9000,32830212
5.300121068954468,16,69793,0.10006403923034668,3982038733.0432525,49807360,5.200057029724121,0,36,9000,33143392
5.4000749588012695,16,69804,0.09995388984680176,3461897086.049943,43253760,5.300121068954468,0,37,9000,33438676
5.5000739097595215,16,69939,0.09999895095825195,4089489300.4500437,51118080,5.4000749588012695,0,31,9000,33778700
5.600039005279541,16,69837,0.09996509552001953,3671297447.2825103,45875200,5.5000739097595215,0,54,9000,34082932
5.700073957443237,16,69888,0.10003495216369629,3983196586.6087036,49807360,5.600039005279541,0,52,9000,34431904
5.800075054168701,16,69709,0.10000109672546387,3984545100.479264,49807360,5.700073957443237,0,59,9000,34771928
5.900075912475586,16,69895,0.10000085830688477,3669984500.2703643,45875200,5.800075054168701,0,45,9000,35103004
6.000074863433838,16,70272,0.09999895095825195,4194348000.461583,52428800,5.900075912475586,0,34,9000,35487768
6.100075960159302,16,69566,0.10000109672546387,3879688650.4666514,48496640,6.000074863433838,0,92,9000,35854636
6.200073957443237,16,69577,0.09999799728393555,4194388001.6823153,52428800,6.100075960159302,0,39,9000,36257296
6.300075054168701,16,69817,0.10000109672546387,4299114450.5171,53739520,6.200073957443237,0,162,9000,36659956
6.400073051452637,16,69917,0.09999799728393555,4089528301.6402574,51118080,6.300075054168701,0,44,9000,37053668
6.500072002410889,16,70064,0.09999895095825195,4404065400.484662,55050240,6.400073051452637,0,32,9000,37483172
6.600074052810669,16,69897,0.10000205039978027,4089362551.719225,51118080,6.500072002410889,0,71,9000,37885832
6.700055837631226,16,69958,0.09998178482055664,4404821546.14879,55050240,6.600074052810669,0,60,9000,38342180
6.800067901611328,16,69796,0.10001206398010254,4403487964.088195,55050240,6.700055837631226,0,85,9000,38780632
6.900054931640625,16,69835,0.09998703002929688,4404590474.094083,55050240,6.800067901611328,0,47,9000,39236980
7.000058889389038,16,69975,0.10000395774841309,4613551807.2265625,57671680,6.900054931640625,0,51,9000,39729120
7.100054979324341,16,69985,0.09999608993530273,4404191406.733395,55050240,7.000058889389038,0,53,9000,40185468
7.200049877166748,16,70177,0.09999489784240723,4718832762.284071,58982400,7.100054979324341,0,45,9000,40677608
7.300055027008057,16,69939,0.1000051498413086,4508644611.957315,56360960,7.200049877166748,0,44,9000,41160800
7.400030851364136,16,70115,0.0999758243560791,4824615981.980354,60293120,7.300055027008057,0,22,9000,41679784
7.500112056732178,16,69792,0.10008120536804199,4819535878.15223,60293120,7.400030851364136,0,63,9000,42198768
7.600056886672974,16,69999,0.0999448299407959,4721196687.007364,58982400,7.500112056732178,0,41,9000,42726700
7.700027942657471,16,70259,0.09997105598449707,4929734062.991446,61603840,7.600056886672974,0,48,9000,43263580
7.800005912780762,16,70165,0.09997797012329102,4929393139.231073,61603840,7.700027942657471,0,42,9000,43800460
7.900059938430786,16,71052,0.10005402565002441,4925646087.683227,61603840,7.800005912780762,0,28,9000,44364184
8.000020027160645,16,71932,0.0999600887298584,4930274935.34817,61603840,7.900059938430786,0,40,9000,44918960
8.100056886672974,16,72765,0.1000368595123291,4402396498.12,55050240,8.000020027160645,1,23,9000,42198768
8.200031995773315,16,69725,0.0999751091003418,2517208955.9554143,31457280,8.100056886672974,49,7,9000,22710024
8.30005693435669,16,69806,0.10002493858337402,4717415543.391612,58982400,8.200031995773315,0,44,9000,22718972
8.400068998336792,16,69784,0.10001206398010254,2621123788.147735,32768000,8.30005693435669,0,43,9000,22736868
8.500056028366089,16,69738,0.09998703002929688,2516908842.3394756,31457280,8.400068998336792,0,31,9000,22745816
8.600031852722168,16,70532,0.0999758243560791,2622073903.2501926,32768000,8.500056028366089,0,49,9000,22763712
8.700060844421387,16,69756,0.10002899169921875,2620680220.273053,32768000,8.600031852722168,0,48,9000,22772660
8.800015926361084,16,69831,0.09995508193969727,2622618029.147843,32768000,8.700060844421387,0,46,9000,22790556
8.900055885314941,16,69823,0.10003995895385742,2620392918.402852,32768000,8.800015926361084,0,56,9000,22799504
9.000058889389038,16,69761,0.10000300407409668,2516506802.271012,31457280,8.900055885314941,0,64,9000,22808452
9.100059032440186,16,69796,0.10000014305114746,2726293700.005579,34078720,9.000058889389038,0,61,9000,22826348
9.200062036514282,16,69831,0.10000300407409668,2621361252.3656373,32768000,9.100059032440186,0,79,9000,22835296
9.300063848495483,16,69808,0.10000181198120117,2621392500.8606753,32768000,9.200062036514282,0,64,9000,22853192
9.400056838989258,16,69770,0.09999299049377441,2621623762.8808703,32768000,9.300063848495483,0,89,9000,22862140
9.500071048736572,16,69851,0.10001420974731445,2516224850.806837,31457280,9.400056838989258,0,49,9000,22880036
9.600069999694824,16,69750,0.09999895095825195,2726326200.3000293,34078720,9.500071048736572,0,69,9000,22906880
9.700055837631226,16,69545,0.09998583793640137,2516938850.480744,31457280,9.600069999694824,0,120,9000,22933724
9.80007004737854,16,69606,0.10001420974731445,2725910255.04074,34078720,9.700055837631226,0,137,9000,22978464
9.900080919265747,16,69538,0.10001087188720703,2621155030.98151,32768000,9.80007004737854,0,51,9000,23041100
10.000040054321289,16,69794,0.09995913505554199,2622511687.9446836,32768000,9.900080919265747,0,37,9000,23103736
10.100059032440186,16,69776,0.10001897811889648,2620942594.3982267,32768000,10.000040054321289,0,23,9000,23175320
10.200055837631226,16,69805,0.09999680519104004,2621523752.675738,32768000,10.100059032440186,0,39,9000,23264800
10.30007004737854,16,70069,0.10001420974731445,2725910255.04074,34078720,10.200055837631226,0,63,9000,23354280
10.400061845779419,16,69833,0.0999917984008789,2621655017.6348844,32768000,10.30007004737854,0,68,9000,23452708
10.500056028366089,16,69794,0.09999418258666992,2621592508.8720713,32768000,10.400061845779419,0,56,9000,23569032
10.600055932998657,16,69834,0.09999990463256836,2831157900.002575,35389440,10.500056028366089,0,57,9000,23694304
10.700032949447632,16,69814,0.09997701644897461,2622042638.507729,32768000,10.600055932998657,0,59,9000,23819576
10.8000168800354,16,69897,0.09998393058776855,2831610223.1195407,35389440,10.700032949447632,0,69,9000,23962744
10.900059938430786,16,69807,0.10004305839538574,2725124205.244953,34078720,10.8000168800354,0,75,9000,24114860
11.000025987625122,16,69846,0.09996604919433594,2727223514.3553834,34078720,10.900059938430786,0,64,9000,24275924
11.100051879882812,16,69745,0.10002589225769043,2725591882.7261353,34078720,11.000025987625122,0,54,9000,24436988
11.200080871582031,16,69765,0.10002899169921875,2830334637.8948975,35389440,11.100051879882812,0,47,9000,24615948
11.300071001052856,16,69801,0.0999901294708252,2831434677.5859165,35389440,11.200080871582031,0,46,9000,24812804
11.400084018707275,16,69771,0.10001301765441895,2830786697.9703207,35389440,11.300071001052856,0,34,9000,25009660
11.50004506111145,16,69890,0.0999610424041748,2937157045.7706428,36700160,11.400084018707275,0,60,9000,25215464
11.600061893463135,16,69820,0.10001683235168457,2830678730.201072,35389440,11.50004506111145,0,43,9000,25439164
11.70005488395691,16,69796,0.09999299049377441,2936218614.426575,36700160,11.600061893463135,0,32,9000,25662864
11.800078868865967,16,69784,0.10002398490905762,2935308768.8612285,36700160,11.70005488395691,0,35,9000,25895512
11.90004301071167,16,69869,0.09996414184570312,2937065977.650067,36700160,11.800078868865967,0,189,9000,26146056
12.000041961669922,16,69804,0.09999895095825195,3040902300.3346477,38010880,11.90004301071167,0,73,9000,26405548
12.10001802444458,16,69868,0.0999760627746582,3041598474.2807813,38010880,12.000041961669922,0,84,9000,26665040
12.200058937072754,16,69897,0.10004091262817383,3039626808.7858496,38010880,12.10001802444458,0,73,9000,26942428
12.300057888031006,16,69826,0.09999895095825195,3040902300.3346477,38010880,12.200058937072754,0,58,9000,27228764
12.400079011917114,16,69836,0.1000211238861084,3145063640.338578,39321600,12.300057888031006,0,74,9000,27515100
12.500056028366089,16,69817,0.09997701644897461,3146451166.209275,39321600,12.400079011917114,0,70,9000,27819332
12.60003399848938,16,69810,0.09997797012329102,3146421152.7006855,39321600,12.500056028366089,0,36,9000,28132512
12.700063943862915,16,69835,0.10002994537353516,3354438700.8010373,41943040,12.60003399848938,0,54,9000,28454640
12.800055027008057,16,69829,0.0999910831451416,3250875475.847809,40632320,12.700063943862915,0,55,9000,28785716
12.900047063827515,16,69850,0.09999203681945801,3250844470.6143346,40632320,12.800055027008057,0,46,9000,29134688
13.00006890296936,16,69796,0.1000218391418457,3354710560.0022883,41943040,12.900047063827515,0,30,9000,29483660
13.100056886672974,16,69865,0.09998798370361328,3355846448.4555297,41943040,13.00006890296936,0,81,9000,29841580
13.200013875961304,16,69804,0.09995698928833008,3356887020.9976864,41943040,13.100056886672974,0,97,9000,30217396
13.300055980682373,16,69659,0.10004210472106934,3563657931.767964,44564480,13.200013875961304,0,84,9000,30602160
13.400012016296387,16,69515,0.09995603561401367,3566726489.400877,44564480,13.300055980682373,0,58,9000,31004820
13.500054836273193,16,69825,0.10004281997680664,3458819734.1920357,43253760,13.400012016296387,0,26,9000,31398532
13.600007057189941,16,69734,0.09995222091674805,3671770338.2067122,45875200,13.500054836273193,0,88,9000,31810140
13.700062036514282,16,69803,0.10005497932434082,3563199377.0575776,44564480,13.600007057189941,0,53,9000,32230696
13.800067901611328,16,69844,0.1000058650970459,3774652212.9845634,47185920,13.700062036514282,0,30,9000,32669148
13.90005898475647,16,69831,0.0999910831451416,3670343279.1830096,45875200,13.800067901611328,0,62,9000,33107600
14.000056028366089,16,69878,0.09999704360961914,3879845903.39108,48496640,13.90005898475647,0,86,9000,33563948
14.10005497932434,16,70314,0.09999895095825195,3774913200.415425,47185920,14.000056028366089,0,34,9000,33984504
14.200060844421387,16,69901,0.1000058650970459,3879503663.345246,48496640,14.10005497932434,0,43,9000,34405060
14.30006194114685,16,70007,0.10000109672546387,3669975750.441427,45875200,14.200060844421387,0,41,9000,34834564
14.400054931640625,16,69953,0.09999299049377441,3984868119.578923,49807360,14.30006194114685,0,30,9000,35335652
14.500056028366089,16,69875,0.10000109672546387,3984545100.479264,49807360,14.400054931640625,0,38,9000,35809896
14.600055932998657,16,69948,0.09999990463256836,4194308000.0038147,52428800,14.500056028366089,0,34,9000,36346776
14.700049877166748,16,69860,0.09999394416809082,4089694064.998176,51118080,14.600055932998657,0,56,9000,36865760
14.800087928771973,16,69793,0.10003805160522461,4297526322.2494335,53739520,14.700049877166748,0,21,9000,37411588
14.900044918060303,16,69931,0.09995698928833008,4301011495.653286,53739520,14.800087928771973,0,48,9000,37957416
15.000056028366089,16,69972,0.10001111030578613,4298684003.06248,53739520,14.900044918060303,0,46,9000,38503244
15.100023984909058,16,69805,0.09996795654296875,4510322063.112265,56360960,15.000056028366089,0,31,9000,39075916
15.200057029724121,16,69873,0.10003304481506348,4297741419.296087,53739520,15.100023984909058,0,58,9000,39639640
15.30007004737854,16,70380,0.10001301765441895,4717977829.950535,58982400,15.200057029724121,0,38,9000,40239156
15.400038003921509,16,69815,0.09996795654296875,4510322063.112265,56360960,15.30007004737854,0,23,9000,40820776
15.50006103515625,16,70105,0.10002303123474121,4717505500.234311,58982400,15.400038003921509,0,35,9000,41438188
15.600055932998657,16,71257,0.09999489784240723,4718832762.284071,58982400,15.50006103515625,0,205,9000,42055600
15.700062036514282,16,70865,0.100006103515625,4718304017.577052,58982400,15.600055932998657,0,42,9000,42664064
15.800053834915161,16,70554,0.0999917984008789,4928711433.153583,61603840,15.700062036514282,0,52,9000,43308320
15.900055885314941,16,70700,0.10000205039978027,4928206152.071886,61603840,15.800053834915161,0,82,9000,43952576
16.000037908554077,16,71356,0.09998202323913574,4929193309.293749,61603840,15.900055885314941,0,48,9000,44605780
16.100055932998657,16,72378,0.10001802444458008,4927419060.082287,61603840,16.000037908554077,0,60,9000,45178452
16.200074911117554,16,72681,0.10001897811889648,2935455705.7260137,36700160,16.100055932998657,222,29,9000,31255364
16.300073862075806,16,69655,0.09999895095825195,5138076300.565439,64225280,16.200074911117554,3,53,9000,22781608
16.40006995201111,16,69521,0.09999608993530273,2726404204.168292,34078720,16.300073862075806,0,126,9000,22790556
16.500058889389038,16,69521,0.09998893737792969,2516860830.8017473,31457280,16.40006995201111,0,56,9000,22808452
16.600067853927612,16,69523,0.10000896453857422,2726053221.907368,34078720,16.500058889389038,0,91,9000,22817400
16.70007085800171,16,69538,0.10000300407409668,2516506802.271012,31457280,16.600067853927612,0,50,9000,22826348
16.80005693435669,16,69809,0.09998607635498047,2726677252.861517,34078720,16.70007085800171,0,38,9000,22844244
16.900056838989258,16,69521,0.09999990463256836,2516584800.002289,31457280,16.80005693435669,0,73,9000,22853192
17.000033855438232,16,69773,0.09997701644897461,2622042638.507729,32768000,16.900056838989258,0,94,9000,22871088
17.100064992904663,16,70040,0.10003113746643066,2725448964.243674,34078720,17.000033855438232,0,84,9000,22880036
17.200058937072754,16,69790,0.09999394416809082,2516734809.2296467,31457280,17.100064992904663,0,68,9000,22897932
17.30006694793701,16,69840,0.10000801086425781,2621230016.8214674,32768000,17.200058937072754,0,99,9000,22906880
17.40006995201111,16,69826,0.10000300407409668,2621361252.3656373,32768000,17.30006694793701,0,38,9000,22915828
17.500058889389038,16,69863,0.09998893737792969,2621730032.0851536,32768000,17.40006995201111,0,81,9000,22933724
17.600055932998657,16,69996,0.09999704360961914,2726378202.382921,34078720,17.500058889389038,0,70,9000,22951620
17.70006799697876,16,69855,0.10001206398010254,2516278836.6218257,31457280,17.600055932998657,0,50,9000,22978464
17.800060033798218,16,69877,0.09999203681945801,2726514717.2894416,34078720,17.70006799697876,0,13,9000,23023204
17.90006184577942,16,69929,0.10000181198120117,2621392500.8606753,32768000,17.800060033798218,0,79,9000,23076892
18.000069856643677,16,69796,0.10000801086425781,2621230016.8214674,32768000,17.90006184577942,0,48,9000,23139528
18.10002899169922,16,69773,0.09995913505554199,2622511687.9446836,32768000,18.000069856643677,0,48,9000,23211112
18.200069904327393,16,69996,0.10004091262817383,2620367938.608491,32768000,18.10002899169922,0,258,9000,23291644
18.300046920776367,16,69823,0.09997701644897461,2726924344.048038,34078720,18.200069904327393,0,28,9000,23381124
18.40007185935974,16,70524,0.10002493858337402,2620786412.99534,32768000,18.300046920776367,0,25,9000,23479552
18.500058889389038,16,69841,0.09998703002929688,2726651245.8677654,34078720,18.40007185935974,0,61,9000,23586928
18.60005784034729,16,69797,0.09999895095825195,2516608800.27695,31457280,18.500058889389038,0,36,9000,23703252
18.70005488395691,16,70032,0.09999704360961914,2831238902.4745717,35389440,18.60005784034729,0,82,9000,23828524
18.80007290840149,16,69769,0.10001802444458008,2725806288.556159,34078720,18.70005488395691,0,58,9000,23962744
18.90005588531494,16,69917,0.09998297691345215,2621886325.9784575,32768000,18.80007290840149,0,56,9000,24105912
19.000061988830566,16,69951,0.100006103515625,2935833610.9368324,36700160,18.90005588531494,0,74,9000,24275924
19.10002899169922,16,69784,0.09996700286865234,2622305285.519399,32768000,19.000061988830566,0,25,9000,24428040
19.200012922286987,16,69886,0.09998393058776855,2936484675.827672,36700160,19.10002899169922,0,56,9000,24607000
19.300055980682373,16,69783,0.10004305839538574,2725124205.244953,34078720,19.200012922286987,0,158,9000,24785960
19.400078058242798,16,69846,0.1000220775604248,2830530287.965332,35389440,19.300055980682373,0,50,9000,24991764
19.500014066696167,16,70467,0.09993600845336914,2937892803.043024,36700160,19.400078058242798,0,39,9000,25188620
19.60005784034729,16,69883,0.10004377365112305,2829916442.249496,35389440,19.500014066696167,0,48,9000,25394424
19.70004105567932,16,69846,0.09998321533203125,2831630479.774132,35389440,19.60005784034729,0,73,9000,25618124
19.800067901611328,16,69788,0.10002684593200684,2935224811.5428452,36700160,19.70004105567932,0,32,9000,25841824
19.900017023086548,16,69801,0.09994912147521973,3042418337.567799,38010880,19.800067901611328,0,78,9000,26092368
20.00005793571472,16,69490,0.10004091262817383,2934812091.24151,36700160,19.900017023086548,0,43,9000,26342912
20.100056886672974,16,69793,0.09999895095825195,3040902300.3346477,38010880,20.00005793571472,0,60,9000,26602404
20.200060844421387,16,69873,0.10000395774841309,3040750054.762962,38010880,20.100056886672974,0,65,9000,26870844
20.300055027008057,16,70435,0.09999418258666992,3041047310.291603,38010880,20.200060844421387,0,48,9000,27139284
20.400054931640625,16,69791,0.09999990463256836,3145731000.002861,39321600,20.300055027008057,0,41,9000,27434568
20.50005602836609,16,69921,0.10000109672546387,3040837050.365754,38010880,20.400054931640625,0,47,9000,27729852
20.600055932998657,16,69785,0.09999990463256836,3250588700.0029564,40632320,20.50005602836609,0,41,9000,28051980
20.70005488395691,16,69929,0.09999895095825195,3145761000.3461876,39321600,20.600055932998657,0,601,9000,28365160
20.800076007843018,16,69607,0.1000211238861084,3354734549.6944833,41943040,20.70005488395691,0,78,9000,28696236
20.900060892105103,16,69833,0.09998488426208496,3355950476.678613,41943040,20.800076007843018,0,54,9000,29045208
21.000054836273193,16,69864,0.09999394416809082,3250782461.921627,40632320,20.900060892105103,0,58,9000,29385232
21.10003900527954,16,69807,0.09998416900634766,3460848686.735914,43253760,21.000054836273193,0,42,9000,29743152
21.200065851211548,16,69842,0.10002684593200684,3249713184.2081504,40632320,21.10003900527954,0,74,9000,30101072
21.30006504058838,16,69854,0.09999918937683105,3565187300.234272,44564480,21.200065851211548,0,47,9000,30494784
21.400044918060303,16,69850,0.09997987747192383,3460997240.141363,43253760,21.30006504058838,0,68,9000,30870600
21.500059843063354,16,69874,0.10001492500305176,3564626379.4040904,44564480,21.400044918060303,0,65,9000,31282208
21.60005497932434,16,69787,0.09999513626098633,3670194508.6821966,45875200,21.500059843063354,0,33,9000,31684868
21.7000470161438,16,69874,0.09999203681945801,3460576371.9442916,43253760,21.60005497932434,0,53,9000,32096476
21.80005192756653,16,69869,0.10000491142272949,3774688209.1053305,47185920,21.7000470161438,0,37,9000,32552824
21.900058031082153,16,69811,0.100006103515625,3564940813.2804394,44564480,21.80005192756653,0,54,9000,32964432
22.000025987625122,16,70298,0.09996795654296875,3880974798.4919486,48496640,21.900058031082153,0,32,9000,33402884
22.100055932998657,16,69798,0.10002994537353516,3773743538.401167,47185920,22.000025987625122,0,29,9000,33868180
22.200055837631226,16,69893,0.09999990463256836,3879734900.0035286,48496640,22.100055932998657,0,60,9000,34333476
22.300055980682373,16,69820,0.10000014305114746,3984583100.008154,49807360,22.200055837631226,0,41,9000,34807720
22.40005588531494,16,69845,0.09999990463256836,3879734900.0035286,48496640,22.300055980682373,0,46,9000,35273016
22.500036001205444,16,70003,0.09998011589050293,4090259711.719793,51118080,22.40005588531494,0,45,9000,35774104
22.600069999694824,16,69775,0.10003399848937988,4088056522.5373416,51118080,22.500036001205444,0,93,9000,36275192
22.7000150680542,16,69904,0.099945068359375,4196609266.3206105,52428800,22.600069999694824,0,60,9000,36803124
22.800060033798218,16,69815,0.10004496574401855,4297229318.864589,53739520,22.7000150680542,0,25,9000,37331056
22.900060892105103,16,69830,0.10000085830688477,4089411300.3012633,51118080,22.800060033798218,0,71,9000,37867936
23.000014066696167,16,69912,0.09995317459106445,4510989089.088003,56360960,22.900060892105103,0,68,9000,38458504
23.100059986114502,16,69898,0.10004591941833496,4297188356.10212,53739520,23.000014066696167,0,60,9000,39013280
23.20004892349243,16,70003,0.09998893737792969,4509375655.186464,56360960,23.100059986114502,0,54,9000,39603848
23.300060987472534,16,69815,0.10001206398010254,4508332915.614104,56360960,23.20004892349243,0,44,9000,40131780
23.400027990341187,16,70698,0.09996700286865234,3251658554.044055,40632320,23.300060987472534,31,18,9000,37930572
23.500054836273193,16,69776,0.10002684593200684,5031813962.644877,62914560,23.400027990341187,0,39,9000,32248592
23.60008406639099,16,70359,0.10002923011779785,3668943563.4744596,45875200,23.500054836273193,0,91,9000,32248592
23.700055837631226,16,70341,0.09997177124023438,3461277875.816385,43253760,23.60008406639099,0,43,9000,32257540
23.80003786087036,16,69900,0.09998202323913574,3775552322.0122333,47185920,23.700055837631226,0,65,9000,32257540
23.900060892105103,16,69972,0.10002303123474121,3564337489.065924,44564480,23.80003786087036,0,36,9000,32266488
24.000056982040405,16,70035,0.09999608993530273,3775021205.771481,47185920,23.900060892105103,0,403,9000,32266488
24.10004687309265,16,69524,0.0999898910522461,3670387037.507988,45875200,24.000056982040405,0,78,9000,32275436
24.200060844421387,16,69821,0.10001397132873535,3774346273.6744943,47185920,24.10004687309265,0,52,9000,32284384
24.300055980682373,16,69916,0.09999513626098633,3670194508.6821966,45875200,24.200060844421387,0,53,9000,32284384
24.400059938430786,16,69992,0.10000395774841309,3669870755.748402,45875200,24.300055980682373,0,56,9000,32293332
24.500037908554077,16,69850,0.09997797012329102,3670824678.1507998,45875200,24.400059938430786,0,53,9000,32293332
24.600055932998657,16,69933,0.10001802444458008,3669354619.210214,45875200,24.500037908554077,0,79,9000,32302280
24.70007085800171,16,69824,0.10001492500305176,3774310284.074919,47185920,24.600055932998657,0,36,9000,32311228
24.80006194114685,16,69807,0.0999910831451416,3670343279.1830096,45875200,24.70007085800171,0,69,9000,32320176
24.900032997131348,16,69802,0.09997105598449707,3671078557.546821,45875200,24.80006194114685,0,17,9000,32329124
25.000059843063354,16,69720,0.10002684593200684,3773860471.9836583,47185920,24.900032997131348,0,148,9000,32347020
25.100053071975708,16,69941,0.09999322891235352,3670264516.827292,45875200,25.000059843063354,0,67,9000,32364916
25.200042963027954,16,69879,0.0999898910522461,3670387037.507988,45875200,25.100053071975708,0,58,9000,32391760
25.300062894821167,16,69845,0.10001993179321289,3669284645.772012,45875200,25.200042963027954,0,48,9000,32418604
25.400063037872314,16,69846,0.10000014305114746,3774868200.007725,47185920,25.300062894821167,0,43,9000,32454396
25.50006103515625,16,69780,0.09999799728393555,3670089501.472026,45875200,25.400063037872314,0,39,9000,32490188
25.60005497932434,16,69861,0.09999394416809082,3775102213.84447,47185920,25.50006103515625,0,46,9000,32534928
25.700055837631226,16,69860,0.10000085830688477,3774841200.278089,47185920,25.60005497932434,0,63,9000,32579668
25.800060987472534,16,69880,0.1000051498413086,3669827009.732699,45875200,25.700055837631226,0,36,9000,32633356
25.900014877319336,16,69832,0.09995388984680176,3776615002.9635744,47185920,25.800060987472534,0,51,9000,32687044
26.000033855438232,16,69811,0.10001897811889648,3669319632.157517,45875200,25.900014877319336,0,29,9000,32740732
26.10005497932434,16,69890,0.1000211238861084,3774076368.406294,47185920,26.000033855438232,0,25,9000,32803368
26.200073957443237,16,69793,0.10001897811889648,3669319632.157517,45875200,26.10005497932434,0,57,9000,32866004
26.30004096031189,16,69922,0.09996700286865234,3776119611.147935,47185920,26.200073957443237,0,48,9000,32937588
26.400068998336792,16,70064,0.10002803802490234,3878643704.9121437,48496640,26.30004096031189,0,39,9000,33009172
26.50002884864807,16,69862,0.0999598503112793,3671490091.8432865,45875200,26.400068998336792,0,33,9000,33089704
26.60005497932434,16,69803,0.10002613067626953,3878717664.8435907,48496640,26.50002884864807,0,108,9000,33170236
26.7000629901886,16,69893,0.10000801086425781,3774571224.2229133,47185920,26.60005497932434,0,48,9000,33250768
26.80006694793701,16,69838,0.10000395774841309,3774724205.912642,47185920,26.7000629901886,0,47,9000,33340248
26.900014877319336,16,70136,0.09994792938232422,3881752452.4786506,48496640,26.80006694793701,0,56,9000,33438676
27.000061988830566,16,69808,0.10004711151123047,3773096037.436587,47185920,26.900014877319336,0,62,9000,33537104
27.100064039230347,16,69809,0.10000205039978027,3774796201.586977,47185920,27.000061988830566,0,42,9000,33635532
27.20003390312195,16,69858,0.09996986389160156,3985789961.9834776,49807360,27.100064039230347,0,48,9000,33742908
27.300067901611328,16,69909,0.10003399848937988,3773590636.1883154,47185920,27.20003390312195,0,39,9000,33841336
27.400060892105103,16,70329,0.09999299049377441,3670273268.033219,45875200,27.300067901611328,0,44,9000,33939764
27.500005960464478,16,70288,0.099945068359375,3881863571.346565,48496640,27.400060892105103,0,47,9000,34056088
27.600069999694824,16,70037,0.10006403923034668,3562876761.143963,44564480,27.500005960464478,0,43,9000,34163464
27.700084924697876,16,69853,0.10001492500305176,3879152236.4103336,48496640,27.600069999694824,0,93,9000,34288736
27.800089836120605,16,69764,0.10000491142272949,3774688209.1053305,47185920,27.700084924697876,0,65,9000,34414008
27.90001392364502,16,70191,0.09992408752441406,3987615897.9449883,49807360,27.800089836120605,0,49,9000,34557176
28.000054836273193,16,69862,0.10004091262817383,4087773984.2292457,51118080,27.90001392364502,0,76,9000,34700344
28.100019931793213,16,69898,0.09996509552001953,3776191660.0620103,47185920,28.000054836273193,0,30,9000,34834564
28.20005488395691,16,69886,0.10003495216369629,4192838512.219688,52428800,28.100019931793213,0,40,9000,34986680
28.300055980682373,16,69861,0.10000109672546387,3774832200.4540396,47185920,28.20005488395691,0,42,9000,35129848
28.400060892105103,16,69832,0.10000491142272949,4194098010.117034,52428800,28.300055980682373,0,58,9000,35299860
28.500067949295044,16,69502,0.1000070571899414,3984307619.8434176,49807360,28.400060892105103,0,67,9000,35460924
28.600059986114502,16,69627,0.09999203681945801,3984906125.269184,49807360,28.500067949295044,0,96,9000,35604092
28.7000629901886,16,69771,0.10000300407409668,4194178003.78502,52428800,28.600059986114502,0,93,9000,35765156
28.800013065338135,16,69562,0.09995007514953613,3566939189.0562735,44564480,28.7000629901886,0,39,9000,35908324
28.900054931640625,16,69949,0.10004186630249023,4192548734.864611,52428800,28.800013065338135,0,41,9000,36087284
29.000056982040405,16,69928,0.10000205039978027,4089362551.719225,51118080,28.900054931640625,0,34,9000,36266244
29.100076913833618,16,69585,0.10001993179321289,3774121349.936927,47185920,29.000056982040405,0,66,9000,36427308
29.200023889541626,16,69962,0.09994697570800781,4406355638.880174,55050240,29.100076913833618,0,26,9000,36633112
29.300055980682373,16,69547,0.10003209114074707,4192958431.8081822,52428800,29.200023889541626,0,103,9000,36829968
29.400068998336792,16,69629,0.10001301765441895,4193758071.067142,52428800,29.300055980682373,0,53,9000,37026824
29.50005602836609,16,69516,0.09998703002929688,4404590474.094083,55050240,29.400068998336792,0,45,9000,37241576
29.600023984909058,16,69557,0.09996795654296875,4090757220.032054,51118080,29.50005602836609,0,50,9000,37438432
29.70005488395691,16,69586,0.10003089904785156,4507484030.35256,56360960,29.600023984909058,0,63,9000,37662132
29.800076961517334,16,69492,0.1000220775604248,4088543749.2832575,51118080,29.70005488395691,0,62,9000,37867936
29.90000891685486,16,69597,0.09993195533752441,4511946939.065764,56360960,29.800076961517334,0,40,9000,38100584
30.00005602836609,16,69828,0.10004711151123047,4192328930.4850965,52428800,29.90000891685486,0,663,9000,38315336
30.100069046020508,16,69644,0.10001301765441895,4613133878.173856,57671680,30.00005602836609,0,64,9000,38556932
30.20005488395691,16,69528,0.09998583793640137,4509515440.444666,56360960,30.100069046020508,0,25,9000,38798528
30.300055980682373,16,69556,0.10000109672546387,4299114450.5171,53739520,30.20005488395691,0,48,9000,39031176
30.400054931640625,16,69649,0.09999895095825195,4718641500.519281,58982400,30.300055980682373,0,61,9000,39281720
30.500058889389038,16,69637,0.10000395774841309,4194138006.5696025,52428800,30.400054931640625,0,54,9000,39523316
30.60001802444458,16,69569,0.09995913505554199,4825421505.818217,60293120,30.500058889389038,0,59,9000,39782808
30.70005488395691,16,69507,0.1000368595123291,4297577533.879047,53739520,30.60001802444458,0,52,9000,40033352
30.8000168800354,16,69517,0.09996199607849121,4825283396.914741,60293120,30.70005488395691,0,44,9000,40310740
30.900064945220947,16,69599,0.10004806518554688,4611517865.381477,57671680,30.8000168800354,0,196,9000,40579180
31.000054836273193,16,69560,0.0999898910522461,4614200847.152899,57671680,30.900064945220947,0,35,9000,40847620
31.10005497932434,16,69533,0.10000014305114746,4823442700.009871,60293120,31.000054836273193,0,33,9000,41142904
31.20005702972412,16,69617,0.10000205039978027,4508784351.8955555,56360960,31.10005497932434,0,45,9000,41402396
31.300010919570923,16,69529,0.09995388984680176,5035486670.618099,62914560,31.20005702972412,0,24,9000,41697680
31.400033950805664,16,69862,0.10002303123474121,4507838589.112786,56360960,31.300010919570923,0,24,9000,41966120
31.500054836273193,16,69587,0.1000208854675293,4927278114.929228,61603840,31.400033950805664,0,35,9000,42279300
31.60004997253418,16,69512,0.09999513626098633,4823684211.410887,60293120,31.500054836273193,0,58,9000,42574584
31.700010061264038,16,69633,0.0999600887298584,4930274935.34817,61603840,31.60004997253418,0,52,9000,42878816
31.800060987472534,16,69548,0.1000509262084961,4925798677.4954,61603840,31.700010061264038,0,49,9000,43191996
31.900049924850464,16,69543,0.09998893737792969,4928852460.320088,61603840,31.800060987472534,0,35,9000,43505176
32.00005483627319,16,69551,0.10000491142272949,5137770062.393367,64225280,31.900049924850464,0,54,9000,43827304
32.10007095336914,16,69693,0.10001611709594727,4822672325.274114,60293120,32.00005483627319,0,142,9000,44149432
32.20003294944763,16,69525,0.09996199607849121,5244873257.516022,65536000,32.10007095336914,0,54,9000,44489456
32.300060987472534,16,69474,0.10002803802490234,5031753995.5617,62914560,32.20003294944763,0,45,9000,44811584
32.40005588531494,16,69594,0.09999489784240723,5243147513.648968,65536000,32.300060987472534,0,54,9000,45151608
32.500051975250244,16,69498,0.09999608993530273,5243085008.015946,65536000,32.40005588531494,0,33,9000,45500580
32.60003590583801,16,69509,0.09998393058776855,5138848182.698426,64225280,32.500051975250244,0,56,9000,45849552
32.70007085800171,16,69572,0.10003495216369629,5136227177.469118,64225280,32.60003590583801,0,27,9000,46180628
32.8000328540802,16,69560,0.09996199607849121,5349770722.666343,66846720,32.70007085800171,0,41,9000,46547496
32.900054931640625,16,69475,0.1000220775604248,5556226120.820837,69468160,32.8000328540802,0,60,9000,46923312
33.00005602836609,16,69474,0.10000109672546387,5137966050.617998,64225280,32.900054931640625,0,47,9000,47272284
33.10005593299866,16,69672,0.09999990463256836,5242885000.004768,65536000,33.00005602836609,0,41,9000,47603360
33.20004487037659,16,69725,0.09998893737792969,5662936869.303931,70778880,33.10005593299866,0,50,9000,47997072
33.300057888031006,16,69607,0.10001301765441895,5556729444.163963,69468160,33.20004487037659,0,61,9000,48381836
33.40001606941223,16,69732,0.09995818138122559,5454876353.947073,68157440,33.300057888031006,0,52,9000,48766600
33.500072956085205,16,69481,0.10005688667297363,5659091131.334838,70778880,33.40001606941223,0,59,9000,49160312
33.6000599861145,16,69561,0.09998703002929688,5453302491.735531,68157440,33.500072956085205,0,26,9000,49545076
33.700058937072754,16,69604,0.09999895095825195,5976945900.657756,74711040,33.6000599861145,0,35,9000,49965632
33.80006003379822,16,69552,0.10000109672546387,5452535400.655834,68157440,33.700058937072754,0,183,9000,50350396
33.90002202987671,16,69575,0.09996199607849121,6084052978.718585,76021760,33.80006003379822,0,71,9000,50770952
34.000048875808716,16,69661,0.10002684593200684,5555961250.420386,69468160,33.90002202987671,0,58,9000,51155716
34.10003995895386,16,69617,0.0999910831451416,5977416197.526616,74711040,34.000048875808716,0,63,9000,51594168
34.2000629901886,16,69798,0.10002303123474121,6080340422.524223,76021760,34.10003995895386,0,46,9000,52032620
34.30005502700806,16,69569,0.09999203681945801,5767627286.573819,72089600,34.2000629901886,0,53,9000,52444228
34.40005302429199,16,69594,0.09999799728393555,6291582002.523473,78643200,34.30005502700806,0,50,9000,52900576
34.500059843063354,16,69513,0.1000068187713623,5766774776.81299,72089600,34.40005302429199,0,52,9000,53321132
34.60005593299866,16,69551,0.09999608993530273,6396563709.779454,79953920,34.500059843063354,0,41,9000,53768532
34.70005989074707,16,69548,0.10000395774841309,5976646659.361683,74711040,34.60005593299866,0,49,9000,54198036
34.80005884170532,16,69574,0.09999895095825195,6186663300.680835,77332480,34.70005989074707,0,55,9000,54645436
34.90006184577942,16,69584,0.10000300407409668,6396121455.772155,79953920,34.80005884170532,0,61,9000,55119680
35.00002098083496,16,69561,0.09995913505554199,6294028051.06724,78643200,34.90006184577942,0,25,9000,55576028
35.100008964538574,16,69601,0.09998798370361328,6606822695.396824,82575360,35.00002098083496,0,51,9000,56068168
35.200018882751465,16,69471,0.10000991821289062,6185984860.8521185,77332480,35.100008964538574,0,32,9000,56515568
35.30004906654358,16,69568,0.10003018379211426,6604035451.668117,82575360,35.200018882751465,0,31,9000,57016656
35.40004086494446,16,69549,0.0999917984008789,6501704443.734513,81264640,35.30004906654358,0,55,9000,57508796
35.500011920928955,16,69733,0.09997105598449707,6503053444.797226,81264640,35.40004086494446,0,40,9000,58000936
35.60004186630249,16,69540,0.10002994537353516,6918529820.40214,86507520,35.500011920928955,0,54,9000,58510972
35.700051069259644,16,69617,0.10000920295715332,6500572955.056226,81264640,35.60004186630249,0,55,9000,59003112
35.80006194114685,16,69559,0.10001087188720703,7024695483.030448,87818240,35.700051069259644,0,28,9000,59522096
35.900054931640625,16,69497,0.09999299049377441,6711356832.975029,83886080,35.80006194114685,0,39,9000,60041080
36.00005483627319,16,69552,0.09999990463256836,7025465900.00639,87818240,35.900054931640625,0,84,9000,60577960
36.10007095336914,16,69522,0.10001611709594727,6919486379.741119,86507520,36.00005483627319,0,29,9000,61096944
36.20006799697876,16,69715,0.09999704360961914,6920806206.048954,86507520,36.10007095336914,0,30,9000,61598032
36.30006384849548,16,69565,0.09999585151672363,7235474562.452189,90439680,36.20006799697876,0,37,9000,62143860
36.40005588531494,16,69468,0.09999203681945801,7026018694.553561,87818240,36.30006384849548,0,26,9000,62653896
36.50004506111145,16,69701,0.09998917579650879,7131088683.550246,89128960,36.40005588531494,0,19,9000,63190776
36.600059032440186,16,69479,0.10001397132873535,7234163691.209448,90439680,36.50004506111145,0,25,9000,63745552
36.70002794265747,16,69519,0.09996891021728516,7342314709.689483,91750400,36.600059032440186,0,33,9000,64318224
36.80004000663757,16,69514,0.10001206398010254,7443991558.339567,93061120,36.70002794265747,0,76,9000,64899844
36.90001893043518,16,69559,0.09997892379760742,7551338735.435229,94371840,36.80004000663757,0,72,9000,65472516
37.00005483627319,16,69515,0.1000359058380127,7442217409.472403,93061120,36.90001893043518,0,20,9000,66027292
37.10004997253418,16,69541,0.09999513626098633,7759839818.356644,96993280,37.00005483627319,0,53,9000,66608912
37.20005702972412,16,69517,0.1000070571899414,7444364237.075859,93061120,37.10004997253418,0,41,9000,67172636
37.30002999305725,16,69493,0.09997296333312988,7866446825.022596,98304000,37.20005702972412,0,30,9000,67772152
37.4000608921051,16,69531,0.10003089904785156,7652240330.598532,95682560,37.30002999305725,0,39,9000,68353772
37.500059843063354,16,69549,0.09999895095825195,7969261200.877008,99614720,37.4000608921051,0,66,9000,68962236
37.60005593299866,16,69501,0.09999608993530273,7969489212.184238,99614720,37.500059843063354,0,29,9000,69561752
37.70004487037659,16,69512,0.09998893737792969,7970059297.538867,99614720,37.60005593299866,0,36,9000,70170216
37.80005502700806,16,69473,0.10001015663146973,8178062184.362569,102236160,37.70004487037659,0,41,9000,70787628
37.90005898475647,16,69576,0.10000395774841309,7968862212.4822445,99614720,37.80005502700806,0,43,9000,71360300
38.000059843063354,16,69677,0.10000085830688477,8073965900.594802,100925440,37.90005898475647,0,21,9000,71906128
38.10005593299866,16,69709,0.09999608993530273,8074350912.344557,100925440,38.000059843063354,0,84,9000,72514592
38.20003294944763,16,69554,0.09997701644897461,7866127915.523187,98304000,38.10005593299866,0,9,9000,73123056
38.30008101463318,16,69638,0.10004806518554688,8803806833.910093,110100480,38.20003294944763,0,41,9000,73758364
38.400063037872314,16,69543,0.09998202323913574,7970610457.581381,99614720,38.30008101463318,0,63,9000,74286296
38.5000479221344,16,69524,0.09998488426208496,7865508929.7155,98304000,38.400063037872314,0,63,9000,74894760
38.60003900527954,16,69663,0.0999910831451416,8808823870.039223,110100480,38.5000479221344,0,15,9000,75583756
38.70005989074707,16,69815,0.1000208854675293,9015870593.274757,112721920,38.60003900527954,0,45,9000,76254856
38.80005192756653,16,69546,0.09999203681945801,8389276053.198282,104857600,38.70005989074707,0,22,9000,76917008
38.900054931640625,16,70330,0.10000300407409668,8807773807.948542,110100480,38.80005192756653,0,39,9000,77588108
39.00001287460327,16,69571,0.09995794296264648,9021547795.726315,112721920,38.900054931640625,0,24,9000,78250260
39.1000440120697,16,69521,0.10003113746643066,8805296653.710331,110100480,39.00001287460327,0,32,9000,78912412
39.200055837631226,16,69546,0.10001182556152344,9226377729.025269,115343360,39.1000440120697,0,33,9000,79601408
39.30005502700806,16,69602,0.09999918937683105,9122685150.59946,114032640,39.200055837631226,0,38,9000,80281456
39.4000449180603,16,69606,0.0999898910522461,9333269895.377455,116654080,39.30005502700806,0,40,9000,80988348
39.50007104873657,16,69479,0.10002613067626953,9225058229.89827,115343360,39.4000449180603,0,38,9000,81677344
39.600008964538574,16,69812,0.09993791580200195,9233201158.889042,115343360,39.50007104873657,0,69,9000,82357392
39.70003700256348,16,69797,0.10002803802490234,9644195158.159924,120586240,39.600008964538574,0,32,9000,83109024
39.800025939941406,16,69553,0.09998893737792969,9438228115.506552,117964800,39.70003700256348,0,45,9000,83833812
39.90003800392151,16,69730,0.10001206398010254,9645735540.383665,120586240,39.800025939941406,0,19,9000,84567548
40.0000479221344,16,69811,0.10000991821289062,9750789695.919441,121896960,39.90003800392151,0,44,9000,85292336
40.10002899169922,16,69735,0.09998106956481934,9753603199.531466,121896960,40.0000479221344,0,42,9000,86017124
40.20000696182251,16,69867,0.09997797012329102,9858786278.462147,123207680,40.10002899169922,0,23,9000,86750860
40.30005383491516,16,70378,0.10004687309265137,9956804937.596485,124518400,40.20000696182251,0,15,9000,87475648
40.40006685256958,16,70875,0.10001301765441895,9855331467.007784,123207680,40.30005383491516,0,34,9000,88209384
40.50005888938904,16,71280,0.09999203681945801,6501688941.228669,81264640,40.40006685256958,17,18,9000,67002624
40.60000395774841,16,69637,0.099945068359375,6399829131.138931,79953920,40.50005888938904,41,352,9000,44337340
40.70005393028259,16,69480,0.10004997253417969,9013249450.83748,112721920,40.60000395774841,0,87,9000,44355236
40.80005383491516,16,69499,0.09999990463256836,5033169600.004578,62914560,40.70005393028259,0,22,9000,44364184
40.90003299713135,16,69641,0.09997916221618652,5139093273.146231,64225280,40.80005383491516,0,41,9000,44382080
41.0000159740448,16,69479,0.09998297691345215,5138897198.917777,64225280,40.90003299713135,0,18,9000,44391028
41.10005497932434,16,69530,0.10003900527954102,5031202365.453081,62914560,41.0000159740448,0,47,9000,44408924
41.200016021728516,16,69514,0.0999610424041748,5140024830.098624,64225280,41.10005497932434,0,35,9000,44417872
41.3000168800354,16,69525,0.10000085830688477,5137978300.37851,64225280,41.200016021728516,0,79,9000,44426820
41.400054931640625,16,69692,0.10003805160522461,5031250328.487143,62914560,41.3000168800354,0,59,9000,44444716
41.50005602836609,16,69503,0.10000109672546387,5137966050.617998,64225280,41.400054931640625,0,54,9000,44453664
41.60005593299866,16,69625,0.09999990463256836,5033169600.004578,62914560,41.50005602836609,0,56,9000,44471560
41.700055837631226,16,69451,0.09999990463256836,5242885000.004768,65536000,41.60005593299866,0,59,9000,44480508
41.80005693435669,16,69478,0.10000109672546387,4928253150.592773,61603840,41.700055837631226,0,47,9000,44498404
41.900054931640625,16,69487,0.09999799728393555,5347844702.144952,66846720,41.80005693435669,0,42,9000,44516300
42.000056982040405,16,69466,0.10000205039978027,5033061602.11597,62914560,41.900054931640625,0,44,9000,44534196
42.10007286071777,16,69830,0.10001587867736816,5137206679.525622,64225280,42.000056982040405,0,105,9000,44569988
42.20003390312195,16,69533,0.0999610424041748,5140024830.098624,64225280,42.10007286071777,0,36,9000,44623676
42.30005884170532,16,69570,0.10002493858337402,5031909912.951053,62914560,42.20003390312195,0,40,9000,44686312
42.40005683898926,16,69541,0.09999799728393555,5242985002.102894,65536000,42.30005884170532,0,34,9000,44748948
42.5000638961792,16,69533,0.1000070571899414,5032809625.06537,62914560,42.40005683898926,0,50,9000,44829480
42.60003304481506,16,69592,0.09996914863586426,5244497999.174817,65536000,42.5000638961792,0,60,9000,44918960
42.70004391670227,16,69524,0.10001087188720703,5137463860.72376,64225280,42.60003304481506,0,35,9000,45017388
42.80007600784302,16,69533,0.10003209114074707,5241198039.760228,65536000,42.70004391670227,0,63,9000,45124764
42.900054931640625,16,69517,0.09997892379760742,5139105528.282309,64225280,42.80007600784302,0,36,9000,45241088
43.000048875808716,16,69509,0.09999394416809082,5138333568.843863,64225280,42.900054931640625,0,23,9000,45366360
43.1000599861145,16,69529,0.10001111030578613,5347143516.004548,66846720,43.000048875808716,0,80,9000,45500580
43.200016021728516,16,69524,0.09995603561401367,5140282293.548323,64225280,43.1000599861145,0,39,9000,45643748
43.30005598068237,16,69588,0.10003995895385742,5345601553.541819,66846720,43.200016021728516,0,26,9000,45804812
43.40005588531494,16,69509,0.09999990463256836,5138027300.004673,64225280,43.30005598068237,0,28,9000,45965876
43.50001883506775,16,69579,0.09996294975280762,5349719684.367158,66846720,43.40005588531494,0,35,9000,46144836
43.600029945373535,16,69510,0.10001111030578613,5347143516.004548,66846720,43.50001883506775,0,46,9000,46323796
43.700055837631226,16,69625,0.10002589225769043,5241522851.396414,65536000,43.600029945373535,0,78,9000,46520652
43.800041913986206,16,69532,0.09998607635498047,5453354505.723034,68157440,43.700055837631226,0,17,9000,46735404
43.90005588531494,16,69505,0.10001397132873535,5346990554.3722,66846720,43.800041913986206,0,31,9000,46950156
44.00003790855408,16,69635,0.09998202323913574,5348699122.850663,66846720,43.90005588531494,0,21,9000,47164908
44.10002398490906,16,69540,0.09998607635498047,5453354505.723034,68157440,44.00003790855408,0,59,9000,47397556
44.200055837631226,16,69527,0.10003185272216797,5346034742.406498,66846720,44.10002398490906,0,38,9000,47639152
44.30002784729004,16,69637,0.09997200965881348,5559008785.525658,69468160,44.200055837631226,0,69,9000,47898644
44.40005588531494,16,69546,0.10002803802490234,5451066828.525175,68157440,44.30002784729004,0,53,9000,48149188
44.50005483627319,16,69669,0.09999895095825195,5662369800.623137,70778880,44.40005588531494,0,30,9000,48435524
44.600095987319946,16,69544,0.10004115104675293,5555166790.716749,69468160,44.50005483627319,0,46,9000,48712912
44.700023889541626,16,69542,0.09992790222167969,5561462490.898055,69468160,44.600095987319946,0,88,9000,49008196
44.80005598068237,16,69557,0.10003209114074707,5555669922.145842,69468160,44.700023889541626,0,34,9000,49303480
44.900014877319336,16,69499,0.09995889663696289,5769539474.755878,72089600,44.80005598068237,0,61,9000,49616660
45.00005102157593,16,69503,0.1000361442565918,5660264539.461082,70778880,44.900014877319336,0,82,9000,49938788
45.10004687309265,16,69508,0.09999585151672363,5767407259.925658,72089600,45.00005102157593,0,73,9000,50260916
45.20005488395691,16,69547,0.10000801086425781,5661856836.33437,70778880,45.10004687309265,0,41,9000,50591992
45.300057888031006,16,69509,0.10000300407409668,5871849205.299027,73400320,45.20005488395691,0,51,9000,50940964
45.40006995201111,16,69477,0.10001206398010254,5766472333.925016,72089600,45.300057888031006,0,52,9000,51289936
45.500072956085205,16,69706,0.10000300407409668,5976703655.393653,74711040,45.40006995201111,0,46,9000,51665752
45.60005593299866,16,69546,0.09998297691345215,6082776276.270021,76021760,45.500072956085205,0,24,9000,52059464
45.700026988983154,16,69588,0.09997105598449707,5768837733.287862,72089600,45.60005593299866,0,14,9000,52435280
45.80005598068237,16,69538,0.10002899169921875,6184805319.844405,77332480,45.700026988983154,0,75,9000,52846888
45.900022983551025,16,69536,0.09996700286865234,5873963839.563455,73400320,45.80005598068237,0,57,9000,53240600
46.00007200241089,16,69491,0.10004901885986328,6393179736.184312,79953920,45.900022983551025,0,41,9000,53670104
46.100075006484985,16,69536,0.10000300407409668,5976703655.393653,74711040,46.00007200241089,0,49,9000,54090660
46.20002794265747,16,69518,0.09995293617248535,6399325367.453039,79953920,46.100075006484985,0,28,9000,54538060
46.300060987472534,16,69579,0.10003304481506348,6289377686.774762,78643200,46.20002794265747,0,65,9000,54994408
46.40002489089966,16,69490,0.09996390342712402,6188832356.381693,77332480,46.300060987472534,0,66,9000,55450756
46.500027894973755,16,69551,0.10000300407409668,6605830355.961406,82575360,46.40002489089966,0,45,9000,55960792
46.60001993179321,16,69496,0.09999203681945801,6187091089.233733,77332480,46.500027894973755,0,27,9000,56408192
46.70006084442139,16,69560,0.10004091262817383,6603327205.293397,82575360,46.60001993179321,0,31,9000,56909280
46.80005502700806,16,69442,0.09999418258666992,6396685721.647855,79953920,46.70006084442139,0,48,9000,57401420
46.900054931640625,16,69583,0.09999990463256836,6815750500.006199,85196800,46.80005502700806,0,36,9000,57911456
47.000056982040405,16,69495,0.10000205039978027,6605893352.777209,82575360,46.900054931640625,0,19,9000,58439388
47.10006093978882,16,69730,0.10000395774841309,6500913910.182883,81264640,47.000056982040405,0,18,9000,58949424
47.20004200935364,16,69619,0.09998106956481934,6921911948.054589,86507520,47.10006093978882,0,40,9000,59504200
47.300018072128296,16,69562,0.0999760627746582,6712493184.619656,83886080,47.20004200935364,0,53,9000,60041080
47.40004801750183,16,69537,0.10002994537353516,7023356029.802172,87818240,47.300018072128296,0,48,9000,60622700
47.500059843063354,16,69501,0.10001182556152344,6919783296.768952,86507520,47.40004801750183,0,45,9000,61150632
47.600050926208496,16,69634,0.0999910831451416,6921218755.030818,86507520,47.500059843063354,0,24,9000,61723304
47.700055837631226,16,69609,0.10000491142272949,7129966617.198957,89128960,47.600050926208496,0,19,9000,62322820
47.8000750541687,16,69543,0.10001921653747559,7128946863.254408,89128960,47.700055837631226,0,71,9000,62922336
47.90007185935974,16,69567,0.09999680519104004,7445127457.599096,93061120,47.8000750541687,0,26,9000,63566592
48.00007200241089,16,69718,0.10000014305114746,7130306600.014591,89128960,47.90007185935974,0,364,9000,64175056
48.100075006484985,16,69535,0.10000300407409668,7444665956.71841,93061120,48.00007200241089,0,33,9000,64846156
48.200074911117554,16,69552,0.09999990463256836,7444896700.006771,93061120,48.100075006484985,0,38,9000,65508308
48.30007004737854,16,69546,0.09999513626098633,7550114417.860518,94371840,48.200074911117554,0,63,9000,66161512
48.40007400512695,16,69560,0.10000395774841309,7654301861.989524,95682560,48.30007004737854,0,84,9000,66832612
48.50007104873657,16,69482,0.09999704360961914,7654831106.690509,95682560,48.40007400512695,0,41,9000,67494764
48.60007405281067,16,69515,0.10000300407409668,7864083757.096911,98304000,48.50007104873657,0,58,9000,68183760
48.70007395744324,16,69540,0.09999990463256836,7759469800.007057,96993280,48.60007405281067,0,43,9000,68872756
48.800071001052856,16,69556,0.09999704360961914,8074273907.057113,100925440,48.70007395744324,0,15,9000,69588596
48.90007495880127,16,69540,0.10000395774841309,7968862212.4822445,99614720,48.800071001052856,0,33,9000,70295488
49.00007200241089,16,69545,0.09999704360961914,8074273907.057113,100925440,48.90007495880127,0,19,9000,71047120
49.10007190704346,16,69512,0.09999990463256836,8283758300.007534,103546880,49.00007200241089,0,42,9000,71798752
49.200077056884766,16,69522,0.1000051498413086,8073619421.411938,100925440,49.10007190704346,0,70,9000,72532488
49.3000750541687,16,69529,0.09999799728393555,8493635703.406689,106168320,49.200077056884766,0,47,9000,73302016
49.400075912475586,16,69501,0.10000085830688477,8388536000.617975,104857600,49.3000750541687,0,46,9000,74062596
49.50007390975952,16,69566,0.09999799728393555,8598495403.448746,107479040,49.400075912475586,0,37,9000,74850020
49.60008883476257,16,69513,0.10001492500305176,8597040091.503983,107479040,49.50007390975952,0,35,9000,75628496
49.700074911117554,16,69546,0.09998607635498047,8599520566.71709,107479040,49.60008883476257,0,27,9000,76433816
49.8000750541687,16,69533,0.10000014305114746,8912883250.018238,111411200,49.700074911117554,0,29,9000,77257032
49.90007185935974,16,69573,0.09999680519104004,8808319808.99048,110100480,49.8000750541687,0,28,9000,78071300
50.00007390975952,16,69960,0.10000205039978027,8912713253.747028,111411200,49.90007185935974,0,46,9000,78939256
50.100069999694824,16,69628,0.09999608993530273,9227829614.108065,115343360,50.00007390975952,0,40,9000,79789316
50.20007085800171,16,70359,0.10000085830688477,9017676200.664324,112721920,50.100069999694824,0,47,9000,80594636
50.30007600784302,16,70085,0.1000051498413086,9226993624.470785,115343360,50.20007085800171,0,55,9000,81462592
50.40007305145264,16,69802,0.09999704360961914,9437463008.248573,117964800,50.30007600784302,0,98,9000,82339496
50.50007605552673,16,69604,0.10000300407409668,9227191608.327044,115343360,50.40007305145264,0,28,9000,83252192
50.60007190704346,16,69877,0.09999585151672363,9647299416.602919,120586240,50.50007605552673,0,41,9000,84200680
50.700072050094604,16,71049,0.10000014305114746,9646885400.019741,120586240,50.60007190704346,0,34,9000,85149168
50.80007195472717,16,69683,0.09999990463256836,9751766100.00887,121896960,50.700072050094604,0,51,9000,86124500
50.90007996559143,16,70558,0.10000801086425781,9855824863.248718,123207680,50.80007195472717,0,20,9000,87072988
51.00009202957153,16,69699,0.10001206398010254,3040503594.2513723,38010880,50.90007996559143,144,31,9000,44543144
51.1000759601593,16,69493,0.09998393058776855,11745938703.310688,146800640,51.00009202957153,0,53,9000,43702032
51.200074911117554,16,69547,0.09999895095825195,5033217600.5539,62914560,51.1000759601593,0,53,9000,43710980
51.300073862075806,16,69452,0.09999895095825195,5033217600.5539,62914560,51.200074911117554,0,22,9000,43728876
51.40007400512695,16,69723,0.10000014305114746,5033157600.0103,62914560,51.300073862075806,0,375,9000,43737824
51.50005483627319,16,69508,0.09998083114624023,5034129784.976559,62914560,51.40007400512695,0,32,9000,43746772
51.60005497932434,16,69495,0.10000014305114746,5033157600.0103,62914560,51.50005483627319,0,54,9000,43764668
51.70002889633179,16,69466,0.09997391700744629,5034477942.506863,62914560,51.60005497932434,0,37,9000,43773616
51.80005598068237,16,69492,0.10002708435058594,5031801969.113895,62914560,51.70002889633179,0,51,9000,43791512
51.900054931640625,16,69498,0.09999895095825195,5033217600.5539,62914560,51.80005598068237,0,49,9000,43800460
52.000056982040405,16,69573,0.10000205039978027,5033061602.11597,62914560,51.900054931640625,0,50,9000,43809408
52.10001492500305,16,69460,0.09995794296264648,5035282490.637942,62914560,52.000056982040405,0,56,9000,43827304
52.20006203651428,16,69500,0.10004711151123047,5030794716.582115,62914560,52.10001492500305,0,57,9000,43836252
52.30006504058838,16,69599,0.10000300407409668,5137868054.636649,64225280,52.20006203651428,0,152,9000,43863096
52.40002083778381,16,69535,0.09995579719543457,4930486613.361829,61603840,52.30006504058838,0,42,9000,43889940
52.500020027160645,16,69568,0.09999918937683105,5033205600.330737,62914560,52.40002083778381,0,48,9000,43925732
52.6000599861145,16,69515,0.10003995895385742,5031154403.333476,62914560,52.500020027160645,0,58,9000,43970472
52.70003604888916,16,69638,0.0999760627746582,5034369888.464742,62914560,52.6000599861145,0,49,9000,44033108
52.80005502700806,16,69501,0.10001897811889648,5137047485.020524,64225280,52.70003604888916,0,34,9000,44095744
52.900054931640625,16,69518,0.09999990463256836,5033169600.004578,62914560,52.80005502700806,0,71,9000,44167328
53.00005602836609,16,69510,0.10000109672546387,5137966050.617998,64225280,52.900054931640625,0,75,9000,44256808
53.10003900527954,16,69555,0.09998297691345215,5138897198.917777,64225280,53.00005602836609,0,44,9000,44364184
53.20000386238098,16,69593,0.09996485710144043,5139828684.780828,64225280,53.10003900527954,0,33,9000,44462612
53.30002498626709,16,69582,0.1000211238861084,5032101824.541725,62914560,53.20000386238098,0,54,9000,44578936
53.40004587173462,16,69455,0.1000208854675293,5136949524.075153,64225280,53.30002498626709,0,15,9000,44704208
53.50005483627319,16,69491,0.10000896453857422,5032713640.444372,62914560,53.40004587173462,0,65,9000,44829480
53.60005593299866,16,69478,0.10000109672546387,5137966050.617998,64225280,53.50005483627319,0,40,9000,44972648
53.70006203651428,16,69507,0.100006103515625,5242560019.530058,65536000,53.60005593299866,0,44,9000,45133712
53.80005502700806,16,69694,0.09999299049377441,5243247525.761741,65536000,53.70006203651428,0,41,9000,45294776
53.900054931640625,16,69632,0.09999990463256836,5242885000.004768,65536000,53.80005502700806,0,41,9000,45473736
54.00005602836609,16,69593,0.10000109672546387,5137966050.617998,64225280,53.900054931640625,0,92,9000,45652696
54.10005497932434,16,69572,0.09999895095825195,5347793700.588518,66846720,54.00005602836609,0,52,9000,45849552
54.20006203651428,16,69499,0.1000070571899414,5137659825.587565,64225280,54.10005497932434,0,56,9000,46046408
54.300045013427734,16,69539,0.09998297691345215,5348648104.996054,66846720,54.20006203651428,0,34,9000,46261160
54.400054931640625,16,69541,0.10000991821289062,5347207252.600984,66846720,54.300045013427734,0,44,9000,46484860
54.50005602836609,16,69526,0.10000109672546387,5347678950.643223,66846720,54.400054931640625,0,82,9000,46708560
54.60005593299866,16,69484,0.09999990463256836,5452600400.004959,68157440,54.50005602836609,0,52,9000,46950156
54.70006084442139,16,69488,0.10000491142272949,5347474962.899219,66846720,54.60005593299866,0,43,9000,47200700
54.80007791519165,16,69577,0.10001707077026367,5451664558.86761,68157440,54.70006084442139,0,51,9000,47469140
54.900054931640625,16,69506,0.09997701644897461,5453848688.096076,68157440,54.80007791519165,0,28,9000,47728632
55.000041007995605,16,69549,0.09998607635498047,5453354505.723034,68157440,54.900054931640625,0,37,9000,48014968
55.10005593299866,16,69509,0.10001492500305176,5556623473.776964,69468160,55.000041007995605,0,110,9000,48310252
55.200042963027954,16,69509,0.09998703002929688,5558173693.499676,69468160,55.10005593299866,0,43,9000,48605536
55.30006003379822,16,69497,0.10001707077026367,5661343964.977902,70778880,55.200042963027954,0,81,9000,48918716
55.40006494522095,16,69584,0.10000491142272949,5557179863.40507,69468160,55.30006003379822,0,85,9000,49240844
55.5000319480896,16,69554,0.09996700286865234,5769071628.142678,72089600,55.40006494522095,0,45,9000,49562972
55.60005593299866,16,69464,0.10002398490905762,5556120169.630182,69468160,55.5000319480896,0,39,9000,49902996
55.70001792907715,16,69592,0.09996199607849121,5769360583.267624,72089600,55.60005593299866,0,19,9000,50251968
55.80005598068237,16,69508,0.10003805160522461,5764974334.724851,72089600,55.70001792907715,0,47,9000,50609888
55.9000358581543,16,69506,0.09997987747192383,5873207437.815646,73400320,55.80005598068237,0,45,9000,50976756
56.00001883506775,16,69540,0.09998297691345215,5977900823.230884,74711040,55.9000358581543,0,41,9000,51361520
56.10003185272217,16,69496,0.10001301765441895,5871261299.493999,73400320,56.00001883506775,0,26,9000,51746284
56.200042963027954,16,69530,0.10001111030578613,5976219223.76979,74711040,56.10003185272217,0,31,9000,52148944
56.30006003379822,16,69507,0.10001707077026367,5871023371.088195,73400320,56.200042963027954,0,42,9000,52551604
56.40004801750183,16,69552,0.09998798370361328,6187341889.339883,77332480,56.30006003379822,0,54,9000,52972160
56.50005888938904,16,69527,0.10001087188720703,5976233470.637843,74711040,56.40004801750183,0,44,9000,53401664
56.600021839141846,16,69545,0.09996294975280762,6188891399.562006,77332480,56.50005888938904,0,37,9000,53849064
56.70005488395691,16,69568,0.10003304481506348,6184554725.328516,77332480,56.600021839141846,0,20,9000,54296464
56.80004692077637,16,69497,0.09999203681945801,6291957039.898712,78643200,56.70005488395691,0,48,9000,54752812
56.90004301071167,16,69588,0.09999608993530273,6291702009.619135,78643200,56.80004692077637,0,34,9000,55227056
57.00012397766113,16,69579,0.10008096694946289,6391138889.804989,79953920,56.90004301071167,0,100,9000,55701300
57.10004496574402,16,69566,0.09992098808288574,6296430930.788191,78643200,57.00012397766113,0,71,9000,56193440
57.200011014938354,16,69537,0.09996604919433594,6608272361.707275,82575360,57.10004496574402,0,49,9000,56694528
57.30006194114685,16,69517,0.1000509262084961,6393057858.025946,79953920,57.200011014938354,0,81,9000,57195616
57.40001606941223,16,69525,0.09995412826538086,6713966212.763537,83886080,57.30006194114685,0,17,9000,57723548
57.50001883506775,16,69554,0.10000276565551758,6605846105.052712,82575360,57.40001606941223,0,31,9000,58260428
57.60005307197571,16,69555,0.10003423690795898,6708589586.357972,83886080,57.50001883506775,0,21,9000,58797308
57.70001792907715,16,69539,0.09996485710144043,6818140092.056201,85196800,57.60005307197571,0,68,9000,59343136
57.80004405975342,16,69520,0.10002613067626953,6709133258.107832,83886080,57.70001792907715,0,59,9000,59906860
57.900025844573975,16,69628,0.09998178482055664,7026739133.142118,87818240,57.80004405975342,0,79,9000,60479532
58.00005483627319,16,69574,0.10002899169921875,6918595781.520861,86507520,57.900025844573975,0,44,9000,61052204
58.10002684593201,16,69489,0.09997200965881348,7027426200.57017,87818240,58.00005483627319,0,44,9000,61651720
58.20005488395691,16,69554,0.10002803802490234,7128318160.379075,89128960,58.10002684593201,0,49,9000,62251236
58.30006289482117,16,69492,0.10000801086425781,7129745645.754392,89128960,58.20005488395691,0,15,9000,62850752
58.400030851364136,16,69496,0.09996795654296875,7237493543.133634,90439680,58.30006289482117,0,42,9000,63486060
58.50001502037048,16,69625,0.09998416900634766,7131445778.728551,89128960,58.400030851364136,0,43,9000,64112420
58.60006499290466,16,69513,0.10004997253417969,7545976284.422076,94371840,58.50001502037048,0,49,9000,64765624
58.70003890991211,16,69632,0.09997391700744629,7446831956.624734,93061120,58.60006499290466,0,128,9000,65427776
58.8000328540802,16,69529,0.09999394416809082,7550204427.68894,94371840,58.70003890991211,0,60,9000,66125720
58.90001201629639,16,69620,0.09997916221618652,7656200182.442345,95682560,58.8000328540802,0,30,9000,66805768
59.0000159740448,16,69699,0.10000395774841309,7444594961.661044,93061120,58.90001201629639,0,30,9000,67476868
59.100040912628174,16,69664,0.10002493858337402,7967190695.505834,99614720,59.0000159740448,0,39,9000,68183760
59.20005488395691,16,69498,0.10001397132873535,7758378451.442017,96993280,59.100040912628174,0,60,9000,68872756
59.30005502700806,16,69532,0.10000014305114746,8074023650.016522,100925440,59.20005488395691,0,54,9000,69606492
59.4000608921051,16,69496,0.1000058650970459,7968710227.411856,99614720,59.30005502700806,0,37,9000,70340228
59.50005793571472,16,69669,0.09999704360961914,8074273907.057113,100925440,59.4000608921051,0,31,9000,71082912
59.600069999694824,16,69606,0.10001206398010254,8177906219.020933,102236160,59.50005793571472,0,57,9000,71825596
59.70021986961365,16,69763,0.10014986991882324,7538449332.105442,94371840,59.600069999694824,0,35,9000,72514592
59.80006194114685,16,69761,0.09984207153320312,8716947341.287586,108789760,59.70021986961365,0,32,9000,73293068
59.90001893043518,16,69556,0.09995698928833008,7867703955.463327,98304000,59.80006194114685,0,63,9000,74044700
60.00003004074097,16,69711,0.10001111030578613,8911905860.007582,111411200,59.90001893043518,0,62,9000,74921604
